country,year,fuel,primary_production,imports,exports,gross_inland_consumption,dependency
AT,2002,bioenergy,"2920,414","196,6","203,428","2913,585","-0,0023435046514860567"
AT,2002,biofuels,"20,346999999999998","0,0","0,0","20,346999999999998","0,0"
AT,2002,biogas,"21,95","0,0","0,0","21,95","0,0"
AT,2002,ren_mun_waste,"47,053","0,0","0,0","47,053","0,0"
AT,2002,renewables,"6490,482","164,493","172,781","6482,194","-0,0012785794439351878"
AT,2002,solid_biomass,"2831,064","157,089","172,781","2815,372","-0,005573686177173037"
AT,2002,total,"9831,767","24645,177","3538,177","31002,109","0,6808246497036702"
AT,2003,bioenergy,"3119,826","215,285","302,435","3032,676","-0,028736996632676887"
AT,2003,biofuels,"20,657","0,0","0,0","20,657","0,0"
AT,2003,biogas,"26,273","0,0","0,0","26,273","0,0"
AT,2003,ren_mun_waste,"54,051","0,0","0,0","54,051","0,0"
AT,2003,renewables,"6117,463","170,56","270,923","6017,1","-0,01667962972195908"
AT,2003,solid_biomass,"3018,845","161,675","270,923","2909,597","-0,03754746791394134"
AT,2003,total,"9483,763","27068,006","3881,256","32638,25","0,7104164592157974"
AT,2004,bioenergy,"3230,67","309,927","470,152","3070,446","-0,052182972766822794"
AT,2004,biofuels,"33,933","0,0","0,0","33,933","0,0"
AT,2004,biogas,"28,614","0,0","0,0","28,614","0,0"
AT,2004,ren_mun_waste,"68,62","0,0","0,0","68,62","0,0"
AT,2004,renewables,"6586,195","267,292","435,416","6418,072","-0,02619540572308943"
AT,2004,solid_biomass,"3099,503","257,667","435,416","2921,754","-0,06083640169569376"
AT,2004,total,"9842,878","28084,148","4434,439","33249,096","0,7112887821070385"
AT,2005,bioenergy,"3709,887","380,836","406,809","3680,243","-0,007057414415298124"
AT,2005,biofuels,"64,757","49,498","0,256","110,32900000000001","0,4463196439739325"
AT,2005,biogas,"118,497","0,0","0,0","118,497","0,0"
AT,2005,ren_mun_waste,"73,476","0,0","0,0","73,476","0,0"
AT,2005,renewables,"7211,267","317,068","351,26","7173,405","-0,004766495130276349"
AT,2005,solid_biomass,"3453,157","259,414","350,571","3362,0","-0,02711392028554433"
AT,2005,total,"9888,261","29620,112","4932,991","34376,159","0,7181465794360562"
AT,2006,bioenergy,"3956,139","723,706","381,847","4288,355","0,07971798043772031"
AT,2006,biofuels,"104,786","231,318","5,645","320,817","0,7034321747288953"
AT,2006,biogas,"162,407","0,0","0,0","162,407","0,0"
AT,2006,ren_mun_waste,"100,631","0,0","0,0","100,631","0,0"
AT,2006,renewables,"7395,537","633,283","318,841","7700,337","0,040834836189636896"
AT,2006,solid_biomass,"3588,315","392,933","312,924","3668,324","0,02181077789202917"
AT,2006,total,"10326,256","30536,606","5451,498","34687,504","0,7231742012916236"
AT,2007,bioenergy,"4420,78","818,808","496,571","4725,584","0,06818987875361013"
AT,2007,biofuels,"238,553","255,522","83,028","393,61300000000006","0,43823247707773866"
AT,2007,biogas,"167,963","0,0","0,0","167,963","0,0"
AT,2007,ren_mun_waste,"99,416","0,0","0,0","99,416","0,0"
AT,2007,renewables,"8022,729","701,961","411,997","8295,26","0,034955384159146306"
AT,2007,solid_biomass,"3914,848","437,932","328,279","4024,501","0,027246359238076973"
AT,2007,total,"10951,233","29542,684","6172,202","34097,356","0,6854045222743957"
AT,2008,bioenergy,"4689,474","803,461","527,045","4946,982","0,05587568339646274"
AT,2008,biofuels,"256,947","324,504","116,52799999999999","447,397","0,46485783319959684"
AT,2008,biogas,"183,099","0,0","0,0","183,099","0,0"
AT,2008,ren_mun_waste,"102,953","0,0","0,0","102,953","0,0"
AT,2008,renewables,"8429,194","697,559","447,152","8660,692","0,02891304759481113"
AT,2008,solid_biomass,"4146,476","363,775","330,257","4178,611","0,008021325746761298"
AT,2008,total,"11179,433","29499,266","5848,93","34382,113","0,6878674385137412"
AT,2009,bioenergy,"4733,079","940,063","474,616","5162,816","0,09015370681426571"
AT,2009,biofuels,"324,50699999999995","369,081","116,146","572,558","0,4417631052225277"
AT,2009,biogas,"154,757","0,0","0,0","154,757","0,0"
AT,2009,ren_mun_waste,"129,302","0,0","0,0","129,302","0,0"
AT,2009,renewables,"8716,919","836,027","374,734","9142,502","0,05045588177065753"
AT,2009,solid_biomass,"4124,514","456,837","255,774","4294,751","0,046815985373773704"
AT,2009,total,"11698,143","27826,117","6556,963","32624,629","0,6519355055347908"
AT,2010,bioenergy,"5208,727","955,138","543,778","5653,853","0,0727574629195347"
AT,2010,biofuels,"310,30699999999996","344,135","115,74599999999998","544,668","0,4193178229673856"
AT,2010,biogas,"159,141","0,0","0,0","159,141","0,0"
AT,2010,ren_mun_waste,"137,533","0,0","0,0","137,533","0,0"
AT,2010,renewables,"9046,618","847,271","449,113","9478,543","0,04200624505264153"
AT,2010,solid_biomass,"4601,746","494,393","332,612","4791,321","0,0337654271128985"
AT,2010,total,"12116,003","30085,035","8201,067","34831,67","0,6282778861880582"
AT,2011,bioenergy,"5050,833","1112,661","510,332","5610,026","0,10736652557403478"
AT,2011,biofuels,"259,965","378,03","95,65799999999999","536,945","0,525886263956271"
AT,2011,biogas,"168,215","0,0","0,0","168,215","0,0"
AT,2011,ren_mun_waste,"138,435","0,0","0,0","138,435","0,0"
AT,2011,renewables,"8546,949","963,844","410,368","9057,289","0,06110835151666245"
AT,2011,solid_biomass,"4484,219","577,443","313,744","4710,176","0,0559849568253925"
AT,2011,total,"11441,763","30755,93","7076,991","33818,808","0,7001707156562111"
AT,2012,bioenergy,"5346,413","1074,123","567,503","5858,188","0,08648066603529965"
AT,2012,biofuels,"247,695","450,685","160,125","527,4570000000001","0,5508695495556982"
AT,2012,biogas,"201,456","0,0","0,0","201,456","0,0"
AT,2012,ren_mun_waste,"143,683","0,0","0,0","143,683","0,0"
AT,2012,renewables,"9758,888","944,267","453,182","10255,129","0,047886769634979724"
AT,2012,solid_biomass,"4753,579","483,386","291,327","4961,591","0,0387091559945187"
AT,2012,total,"12828,792","31407,63","9888,389","33690,89","0,6387258098554239"
AT,2013,bioenergy,"5358,562","1115,308","517,609","5953,576","0,1003932762427153"
AT,2013,biofuels,"237,478","474,99","187,454","531,763","0,5407220885996205"
AT,2013,biogas,"191,277","0,0","0,0","191,277","0,0"
AT,2013,ren_mun_waste,"152,056","0,0","0,0","152,056","0,0"
AT,2013,renewables,"9721,236","967,842","413,099","10273,294","0,053998551973690224"
AT,2013,solid_biomass,"4777,751","483,458","224,338","5027,438","0,051541162715482515"
AT,2013,total,"12435,152","28596,077","7682,975","34156,56","0,6122719032595788"
AT,2014,bioenergy,"5248,91","1114,475","588,135","5776,336","0,09112004564831407"
AT,2014,biofuels,"382,85699999999997","495,193","254,63400000000001","624,599","0,38514150679075687"
AT,2014,biogas,"292,102","0,0","0,0","292,102","0,0"
AT,2014,ren_mun_waste,"189,863","0,0","0,0","189,863","0,0"
AT,2014,renewables,"9618,328","954,824","483,918","10090,322","0,04666907557558619"
AT,2014,solid_biomass,"4384,087","450,579","227,959","4606,614","0,048326167549527704"
AT,2014,total,"12336,006","28194,896","6605,294","32914,695","0,6559259321710257"
AT,2015,bioenergy,"5466,732","1125,312","661,377","5941,87","0,07807895494179441"
AT,2015,biofuels,"443,90900000000005","528,495","292,772","683,316","0,34496923824409204"
AT,2015,biogas,"301,612","0,0","0,0","301,612","0,0"
AT,2015,ren_mun_waste,"180,086","0,0","0,0","180,086","0,0"
AT,2015,renewables,"9630,936","945,411","543,066","10044,484","0,040056313495048616"
AT,2015,solid_biomass,"4541,125","406,545","249,769","4705,421","0,03331816642974136"
AT,2015,total,"12222,377","30127,937","9787,024","33679,48","0,6039556727122865"
AT,2016,bioenergy,"5574,163","1017,459","703,095","5889,05","0,05338110561126156"
AT,2016,biofuels,"406,09100000000007","485,844","316,12299999999993","570,477","0,2975071738212059"
AT,2016,biogas,"305,479","0,0","0,0","305,479","0,0"
AT,2016,ren_mun_waste,"197,984","0,0","0,0","197,984","0,0"
AT,2016,renewables,"10050,133","858,769","587,495","10321,931","0,026281322748621355"
AT,2016,solid_biomass,"4664,609","361,565","269,917","4762,116","0,019245226281762146"
AT,2016,total,"12536,803","31823,774","10696,149","34043,842","0,6206004892162289"
AT,2017,bioenergy,"5684,233","1014,896","761,645","5930,028","0,04270654371277842"
AT,2017,biofuels,"359,245","470,936","324,264","506,313","0,2896864192702932"
AT,2017,biogas,"317,015","0,0","0,0","317,015","0,0"
AT,2017,ren_mun_waste,"174,69","11,229","0,0","185,919","0,06039726977877462"
AT,2017,renewables,"10177,386","840,68","626,267","10384,342","0,02064772134816052"
AT,2017,solid_biomass,"4833,283","347,784","300,031","4873,183","0,009799139494658826"
AT,2017,total,"12635,476","32074,401","9813,114","34797,752","0,6397334804846015"
AT,2018,bioenergy,"5351,289","1099,642","876,013","5588,492","0,04001598284474595"
AT,2018,biofuels,"333,908","556,223","403,29400000000004","499,51699999999994","0,3061537445172035"
AT,2018,biogas,"233,626","0,0","0,0","233,626","0,0"
AT,2018,ren_mun_waste,"182,272","0,0","0,0","182,272","0,0"
AT,2018,renewables,"9783,786","926,116","757,784","9965,693","0,016891148463032125"
AT,2018,solid_biomass,"4601,483","358,65","353,095","4607,931","0,0012055302043368164"
AT,2018,total,"11994,155","31698,634","9852,006","33987,053","0,6427926540144565"
CZ,2002,bioenergy,"1768,482","5,427","39,64","1734,145","-0,019729030732724195"
CZ,2002,biofuels,"92,261","0,035","27,661","64,512","-0,42823040674603174"
CZ,2002,biogas,"35,946","0,0","0,0","35,946","0,0"
CZ,2002,ren_mun_waste,"56,009","0,0","0,0","56,009","0,0"
CZ,2002,renewables,"1988,066","0,035","27,661","1960,317","-0,014092618693813298"
CZ,2002,solid_biomass,"1584,265","0,0","0,0","1584,265","0,0"
CZ,2002,total,"31718,506","19453,904","8202,695","42937,716","0,2620355726420101"
CZ,2003,bioenergy,"1839,054","30,913","167,033","1702,88","-0,07993516865545428"
CZ,2003,biofuels,"100,303","0,053","38,442","61,861","-0,6205686943308386"
CZ,2003,biogas,"41,296","0,0","0,0","41,296","0,0"
CZ,2003,ren_mun_waste,"57,634","0,0","0,0","57,634","0,0"
CZ,2003,renewables,"1967,82","25,801","153,542","1840,025","-0,06942351326748278"
CZ,2003,solid_biomass,"1639,82","25,748","115,1","1550,468","-0,0576290513573966"
CZ,2003,total,"33750,786","19807,786","8629,695","44840,301","0,2492867075089438"
CZ,2004,bioenergy,"1976,382","21,81","172,518","1825,81","-0,08254309046395847"
CZ,2004,biofuels,"75,241","2,757","46,32","31,814","-1,3693028226566921"
CZ,2004,biogas,"50,229","0,0","0,0","50,229","0,0"
CZ,2004,ren_mun_waste,"59,831","0,0","0,0","59,831","0,0"
CZ,2004,renewables,"2163,514","14,7","153,8","2024,549","-0,06870666010059526"
CZ,2004,solid_biomass,"1791,081","11,942","107,481","1695,543","-0,05634714070949542"
CZ,2004,total,"33490,239","19729,415","8077,439","45985,513","0,2533836254039397"
CZ,2005,bioenergy,"2065,183","48,796","245,231","1868,598","-0,10512426963959076"
CZ,2005,biofuels,"112,14","6,903","116,242","2,651","-41,24443606186345"
CZ,2005,biogas,"55,771","0,0","0,0","55,771","0,0"
CZ,2005,ren_mun_waste,"56,033","0,0","0,0","56,033","0,0"
CZ,2005,renewables,"2287,482","39,386","226,111","2100,607","-0,08889097294258279"
CZ,2005,solid_biomass,"1841,239","32,483","109,869","1763,853","-0,04387327061835652"
CZ,2005,total,"33233,058","21000,088","8320,583","45534,937","0,2784566277098396"
CZ,2006,bioenergy,"2214,291","48,014","285,051","1974,563","-0,12004529609842783"
CZ,2006,biofuels,"98,499","20,302","98,029","18,081","-4,298821967811516"
CZ,2006,biogas,"63,461","0,0","0,0","63,461","0,0"
CZ,2006,ren_mun_waste,"53,549","0,0","0,0","53,549","0,0"
CZ,2006,renewables,"2459,245","37,284","262,426","2231,411","-0,10089669720190497"
CZ,2006,solid_biomass,"1998,782","16,982","164,398","1851,366","-0,0796255305541962"
CZ,2006,total,"33879,009","21846,704","9042,151","46566,173","0,2749754204624031"
CZ,2007,bioenergy,"2350,687","41,783","277,463","2106,619","-0,1118759490918861"
CZ,2007,biofuels,"89,389","7,369","58,32300000000001","30,047","-1,6958098978267384"
CZ,2007,biogas,"76,168","0,0","0,0","76,168","0,0"
CZ,2007,ren_mun_waste,"58,732","0,0","0,0","58,732","0,0"
CZ,2007,renewables,"2569,57","29,893","246,677","2344,397","-0,0924689802964259"
CZ,2007,solid_biomass,"2126,397","22,523","188,354","1960,567","-0,084583184354322"
CZ,2007,total,"33992,245","20695,703","9084,046","46467,853","0,2498858081521434"
CZ,2008,bioenergy,"2523,651","113,195","328,945","2300,268","-0,09379341885380311"
CZ,2008,biofuels,"106,602","78,625","70,066","107,528","0,07959787218212928"
CZ,2008,biogas,"90,045","0,0","0,0","90,045","0,0"
CZ,2008,ren_mun_waste,"57,419","0,0","0,0","57,419","0,0"
CZ,2008,renewables,"2755,261","100,503","299,096","2549,036","-0,07790906052327233"
CZ,2008,solid_biomass,"2269,585","21,878","229,029","2062,434","-0,10044006256685062"
CZ,2008,total,"33174,47","21175,435","8524,532","45611,76","0,27736055350637645"
CZ,2009,bioenergy,"2761,8","123,617","318,821","2568,609","-0,07599599627658395"
CZ,2009,biofuels,"194,708","69,173","71,115","194,778","-0,009970325190729924"
CZ,2009,biogas,"129,932","0,0","0,0","129,932","0,0"
CZ,2009,ren_mun_waste,"53,263","0,0","0,0","53,263","0,0"
CZ,2009,renewables,"3048,075","107,006","275,758","2881,336","-0,05856727573597803"
CZ,2009,solid_biomass,"2383,897","37,833","204,643","2217,087","-0,07523836457477763"
CZ,2009,total,"31583,465","20254,519","8744,438","42842,864","0,2686580663701661"
CZ,2010,bioenergy,"2920,743","136,305","287,949","2766,999","-0,05480450119425414"
CZ,2010,biofuels,"235,92399999999998","68,617","71,19","231,25099999999998","-0,011126438372158362"
CZ,2010,biogas,"176,698","0,0","0,0","176,698","0,0"
CZ,2010,ren_mun_waste,"62,697","0,0","0,0","62,697","0,0"
CZ,2010,renewables,"3298,956","121,903","241,105","3177,654","-0,03751258003546012"
CZ,2010,solid_biomass,"2445,424","53,287","169,915","2328,795","-0,05008083579705384"
CZ,2010,total,"31994,859","20638,339","9099,343","45598,608","0,2530558827585263"
CZ,2011,bioenergy,"3078,187","220,916","302,396","2993,028","-0,027223266872211025"
CZ,2011,biofuels,"220,754","120,644","37,61","300,11","0,27667855119789414"
CZ,2011,biogas,"249,833","0,0","0,0","249,833","0,0"
CZ,2011,ren_mun_waste,"79,894","0,0","0,0","79,894","0,0"
CZ,2011,renewables,"3537,912","193,086","229,164","3498,155","-0,010313436654464988"
CZ,2011,solid_biomass,"2527,706","72,442","191,554","2408,594","-0,04945291734513995"
CZ,2011,total,"32549,172","21373,145","8797,505","43787,11","0,28719958910282045"
CZ,2012,bioenergy,"3310,29","247,316","335,959","3214,012","-0,02758017082699131"
CZ,2012,biofuels,"218,54999999999998","113,088","48,734","275,26800000000003","0,23378670967929427"
CZ,2012,biogas,"374,94","0,0","0,0","374,94","0,0"
CZ,2012,ren_mun_waste,"83,692","0,0","0,0","83,692","0,0"
CZ,2012,renewables,"3797,388","208,842","240,599","3757,995","-0,008450516831448679"
CZ,2012,solid_biomass,"2633,109","95,753","191,865","2536,997","-0,0378841598945525"
CZ,2012,total,"32596,073","19654,304","8665,169","43470,359","0,2527960489123175"
CZ,2013,bioenergy,"3651,258","276,799","421,456","3515,704","-0,041145955404664335"
CZ,2013,biofuels,"227,95100000000002","121,044","78,40899999999999","279,68800000000005","0,15243771631246245"
CZ,2013,biogas,"571,081","0,0","0,0","571,081","0,0"
CZ,2013,ren_mun_waste,"82,927","0,0","0,0","82,927","0,0"
CZ,2013,renewables,"4199,846","234,256","310,949","4132,257","-0,01855959104189309"
CZ,2013,solid_biomass,"2769,299","113,213","232,54","2649,971","-0,045029549379974346"
CZ,2013,total,"30592,08","20341,395","8359,007","43724,432","0,2740433083270241"
CZ,2014,bioenergy,"3793,272","330,185","421,684","3695,806","-0,024757522445712794"
CZ,2014,biofuels,"260,956","157,548","94,251","318,28600000000006","0,19886831340366834"
CZ,2014,biogas,"608,03","0,0","0,0","608,03","0,0"
CZ,2014,ren_mun_waste,"82,473","0,0","0,0","82,473","0,0"
CZ,2014,renewables,"4291,903","274,964","290,439","4270,461","-0,003623730552743608"
CZ,2014,solid_biomass,"2841,812","117,417","196,188","2763,041","-0,028508806058252477"
CZ,2014,total,"29691,416","21085,341","8386,401","42204,844","0,30088821084139067"
CZ,2015,bioenergy,"3863,265","445,299","512,911","3801,252","-0,017786771305875002"
CZ,2015,biofuels,"215,682","222,323","147,74599999999998","295,859","0,2520693979226592"
CZ,2015,biogas,"613,38","0,0","0,0","613,38","0,0"
CZ,2015,ren_mun_waste,"79,822","0,0","0,0","79,822","0,0"
CZ,2015,renewables,"4387,205","365,918","371,951","4386,771","-0,0013752712416490434"
CZ,2015,solid_biomass,"2954,38","143,594","224,205","2873,77","-0,02805060947814196"
CZ,2015,total,"28868,43","21922,814","8428,739","42367,216","0,3185027545826943"
CZ,2016,bioenergy,"3862,122","499,161","519,648","3839,516","-0,005335828786753336"
CZ,2016,biofuels,"206,05899999999997","222,65399999999997","125,482","301,113","0,32270941473798864"
CZ,2016,biogas,"600,96","0,0","0,0","600,96","0,0"
CZ,2016,ren_mun_waste,"85,531","0,0","0,0","85,531","0,0"
CZ,2016,renewables,"4404,442","431,213","397,694","4435,843","0,007556399088065111"
CZ,2016,solid_biomass,"2969,571","208,56","272,213","2905,919","-0,021904602296209916"
CZ,2016,total,"27338,907","21607,884","7943,739","41965,914","0,3256010342107645"
CZ,2017,bioenergy,"3902,009","523,944","512,655","3911,212","0,002886317591580305"
CZ,2017,biofuels,"205,126","204,492","93,689","313,843","0,35305232233951367"
CZ,2017,biogas,"607,714","0,0","0,0","607,714","0,0"
CZ,2017,ren_mun_waste,"92,038","0,0","0,0","92,038","0,0"
CZ,2017,renewables,"4468,831","449,811","374,426","4542,13","0,016596838927991932"
CZ,2017,solid_biomass,"2997,131","245,319","280,737","2961,713","-0,011958619893284742"
CZ,2017,total,"27363,712","23888,855","7737,268","43464,68","0,3716025747802583"
CZ,2018,bioenergy,"3981,878","485,892","549,453","3915,22","-0,016234336767793376"
CZ,2018,biofuels,"220,117","224,283","132,594","308,708","0,2970088238723972"
CZ,2018,biogas,"603,782","0,0","0,0","603,782","0,0"
CZ,2018,ren_mun_waste,"87,628","0,0","0,0","87,628","0,0"
CZ,2018,renewables,"4570,73","431,137","428,974","4569,797","0,00047332518271599617"
CZ,2018,solid_biomass,"3070,351","206,854","296,378","2980,827","-0,030033276000250925"
CZ,2018,total,"27345,869","22992,557","6989,463","43551,717","0,36745035792733505"
DK,2002,bioenergy,"1518,918","214,376","81,215","1652,078","0,0806021265339772"
DK,2002,biofuels,"2,222","35,922","35,922","2,222","0,0"
DK,2002,biogas,"80,3","0,0","0,0","80,3","0,0"
DK,2002,ren_mun_waste,"444,994","0,0","0,0","444,994","0,0"
DK,2002,renewables,"2033,201","176,842","35,922","2174,12","0,06481702941879934"
DK,2002,solid_biomass,"991,402","140,919","0,0","1132,321","0,1244514585528309"
DK,2002,total,"28633,943","13254,848","21992,42","19786,953","-0,441582491250674"
DK,2003,bioenergy,"1718,057","274,427","112,726","1879,758","0,08602224328876378"
DK,2003,biofuels,"7,395","40,413","40,413","7,395","0,0"
DK,2003,biogas,"85,459","0,0","0,0","85,459","0,0"
DK,2003,ren_mun_waste,"480,773","0,0","0,0","480,773","0,0"
DK,2003,renewables,"2291,249","240,948","40,413","2491,784","0,08047848449143265"
DK,2003,solid_biomass,"1144,43","200,535","0,0","1344,965","0,149100534214645"
DK,2003,total,"28520,666","14953,908","21836,725","20897,919","-0,32935418115076426"
DK,2004,bioenergy,"1805,287","391,153","129,77","2066,67","0,1264754411686433"
DK,2004,biofuels,"11,411","58,374","58,374","11,411","0,0"
DK,2004,biogas,"89,281","0,0","0,0","89,281","0,0"
DK,2004,ren_mun_waste,"489,634","0,0","0,0","489,634","0,0"
DK,2004,renewables,"2468,543","336,558","58,374","2746,727","0,10127835784189691"
DK,2004,solid_biomass,"1214,961","278,184","0,0","1493,145","0,18630742493193897"
DK,2004,total,"31143,611","14425,149","24362,913","20344,102","-0,48848378758620076"
DK,2005,bioenergy,"1861,378","550,298","149,983","2261,693","0,17699793915442988"
DK,2005,biofuels,"13,38","62,864","62,864","13,38","0,0"
DK,2005,biogas,"91,478","0,0","0,0","91,478","0,0"
DK,2005,ren_mun_waste,"496,465","0,0","0,0","496,465","0,0"
DK,2005,renewables,"2535,578","451,849","62,864","2924,563","0,13300619613938902"
DK,2005,solid_biomass,"1260,055","388,984","0,0","1649,04","0,2358851210401203"
DK,2005,total,"31343,001","13914,858","24336,635","19826,991","-0,5256358365220419"
DK,2006,bioenergy,"1926,022","514,871","142,113","2298,78","0,16215470814954017"
DK,2006,biofuels,"19,816","66,69","62,864","23,642","0,1618306403857542"
DK,2006,biogas,"93,604","0,0","0,0","93,604","0,0"
DK,2006,ren_mun_waste,"504,777","0,0","0,0","504,777","0,0"
DK,2006,renewables,"2570,208","474,711","62,864","2982,055","0,13810845205738997"
DK,2006,solid_biomass,"1307,825","408,02","0,0","1715,845","0,23779537195958841"
DK,2006,total,"29600,687","14628,113","22523,744","21236,368","-0,37179761624021584"
DK,2007,bioenergy,"2125,142","570,411","140,097","2555,456","0,16839029903077962"
DK,2007,biofuels,"21,148","68,603","62,864","26,887","0,21344887864023496"
DK,2007,biogas,"93,484","0,0","0,0","93,484","0,0"
DK,2007,ren_mun_waste,"522,213","0,0","0,0","522,213","0,0"
DK,2007,renewables,"2868,874","498,55","62,864","3304,56","0,13184387634057182"
DK,2007,solid_biomass,"1488,297","429,946","0,0","1918,243","0,22413531549443946"
DK,2007,total,"27142,838","14282,43","19577,094","20784,565","-0,25474018821178124"
DK,2008,bioenergy,"2094,692","708,912","171,513","2632,092","0,2041718146630133"
DK,2008,biofuels,"31,565","93,774","87,776","37,563","0,15967840694300253"
DK,2008,biogas,"93,819","0,0","0,0","93,819","0,0"
DK,2008,ren_mun_waste,"545,285","0,0","0,0","545,285","0,0"
DK,2008,renewables,"2827,023","613,311","87,776","3352,558","0,15675642300595546"
DK,2008,solid_biomass,"1424,023","519,538","0,0","1943,561","0,26731242291855006"
DK,2008,total,"26705,355","15803,574","20252,335","20285,714","-0,21930512280711434"
DK,2009,bioenergy,"2106,777","747,441","159,635","2694,583","0,21814358659577382"
DK,2009,biofuels,"28,532","83,921","74,341","38,112","0,2513643996641481"
DK,2009,biogas,"99,623","0,0","0,0","99,623","0,0"
DK,2009,ren_mun_waste,"516,839","0,0","0,0","516,839","0,0"
DK,2009,renewables,"2831,445","658,345","74,341","3415,45","0,17098888872622936"
DK,2009,solid_biomass,"1461,785","574,424","0,0","2036,209","0,2821046366065566"
DK,2009,total,"24029,655","14463,974","18405,934","19282,664","-0,20443025922144373"
DK,2010,bioenergy,"2341,659","1052,314","187,317","3206,656","0,2697504814984832"
DK,2010,biofuels,"34,286","95,751","68,071","61,966","0,44669657554142606"
DK,2010,biogas,"103,577","0,0","0,0","103,577","0,0"
DK,2010,ren_mun_waste,"500,597","0,0","0,0","500,597","0,0"
DK,2010,renewables,"3170,476","943,167","68,071","4045,572","0,21630958489924293"
DK,2010,solid_biomass,"1703,199","847,416","0,0","2550,615","0,3322398715603884"
DK,2010,total,"23408,513","14184,963","17554,729","20417,973","-0,16503920345080283"
DK,2011,bioenergy,"2123,993","1212,953","160,538","3147,922","0,334320545426475"
DK,2011,biofuels,"13,787","202,644","49,766999999999996","138,18","1,1063612679114199"
DK,2011,biogas,"98,099","0,0","0,0","98,099","0,0"
DK,2011,ren_mun_waste,"504,801","0,0","0,0","504,801","0,0"
DK,2011,renewables,"3133,412","1086,687","49,766","4141,848","0,2503522582190365"
DK,2011,solid_biomass,"1507,306","884,043","0,0","2391,349","0,36968380608602086"
DK,2011,total,"20673,073","15946,45","17112,852","18961,292","-0,061514900988814375"
DK,2012,bioenergy,"2024,307","1460,981","173,614","3304,993","0,3895218537527916"
DK,2012,biofuels,"16,538","251,025","40,305","220,576","0,9553169882489483"
DK,2012,biogas,"105,072","0,0","0,0","105,072","0,0"
DK,2012,ren_mun_waste,"467,923","22,666","0,0","490,589","0,0462016066401815"
DK,2012,renewables,"3100,901","1261,184","40,305","4315,098","0,2829319287765886"
DK,2012,solid_biomass,"1434,774","987,493","0,0","2422,266","0,4076732282911951"
DK,2012,total,"18892,713","15864,518","16386,642","18250,23","-0,028609173692605506"
DK,2013,bioenergy,"2030,494","1405,134","144,814","3290,243","0,3830476958692717"
DK,2013,biofuels,"14,589","245,529","34,036","225,512","0,93783479371386"
DK,2013,biogas,"109,578","0,0","0,0","109,578","0,0"
DK,2013,ren_mun_waste,"458,919","33,152","0,0","492,07","0,06737252829881928"
DK,2013,renewables,"3228,784","1281,229","34,036","4475,406","0,2786770630418782"
DK,2013,solid_biomass,"1447,407","1002,548","0,0","2449,955","0,40921078142251593"
DK,2013,total,"16803,884","18781,743","16453,838","18286,811","0,12729966969090448"
DK,2014,bioenergy,"1987,347","1494,099","154,366","3332,374","0,40203560584736286"
DK,2014,biofuels,"18,724","257,762","35,899","245,93699999999998","0,9021131427967326"
DK,2014,biogas,"132,828","0,0","0,0","132,828","0,0"
DK,2014,ren_mun_waste,"463,313","45,285","0,0","508,598","0,0890388872940908"
DK,2014,renewables,"3373,634","1344,934","35,899","4688,019","0,2792298836672803"
DK,2014,solid_biomass,"1372,482","1041,887","0,0","2414,369","0,4315359416891121"
DK,2014,total,"16241,769","17635,834","15427,948","17348,892","0,12726380451270308"
DK,2015,bioenergy,"2315,688","1457,781","163,772","3610,414","0,3584101435458648"
DK,2015,biofuels,"13,43","246,10399999999998","25,899","233,645","0,9424768345138992"
DK,2015,biogas,"150,121","0,0","0,0","150,121","0,0"
DK,2015,ren_mun_waste,"457,31","64,095","0,0","521,405","0,12292747480365551"
DK,2015,renewables,"3817,547","1255,998","25,899","5047,657","0,24369702616481273"
DK,2015,solid_biomass,"1694,828","945,799","0,0","2640,627","0,35817213108856344"
DK,2015,total,"16233,648","18815,601","16453,71","17342,581","0,13619028217310905"
DK,2016,bioenergy,"2367,992","1670,339","213,316","3838,589","0,3795725460579395"
DK,2016,biofuels,"6,547","238,56400000000002","28,742","227,203","0,923500129839835"
DK,2016,biogas,"216,107","0,0","0,0","216,107","0,0"
DK,2016,ren_mun_waste,"450,197","68,743","0,0","518,94","0,1324681080664431"
DK,2016,renewables,"3799,299","1446,743","28,742","5228,134","0,2712250680644375"
DK,2016,solid_biomass,"1695,14","1139,436","0,0","2834,577","0,40197743790343315"
DK,2016,total,"15333,295","18398,098","15744,227","17955,938","0,1477990734875561"
DK,2017,bioenergy,"2476,085","2116,942","315,266","4263,411","0,42259026868392463"
DK,2017,biofuels,"4,497","266,86","42,162","217,423","1,0334601215142833"
DK,2017,biogas,"264,002","0,0","0,0","264,002","0,0"
DK,2017,ren_mun_waste,"467,772","53,115","0,0","520,888","0,10197009721859593"
DK,2017,renewables,"4093,166","1827,765","42,162","5866,997","0,3043470109154649"
DK,2017,solid_biomass,"1739,814","1507,79","0,0","3247,604","0,46427766439504325"
DK,2017,total,"15745,403","16269,387","13962,324","18192,431","0,12681444277567963"
DK,2018,bioenergy,"2540,753","2095,429","309,689","4327,892","0,4126119598178513"
DK,2018,biofuels,"5,592","266,00100000000003","50,528","222,45400000000004","0,9686182311848742"
DK,2018,biogas,"320,394","0,0","0,0","320,394","0,0"
DK,2018,ren_mun_waste,"440,893","64,054","0,0","504,947","0,12685291723685851"
DK,2018,renewables,"4139,416","1806,78","50,528","5897,058","0,29781833585492967"
DK,2018,solid_biomass,"1773,874","1476,725","0,0","3250,599","0,45429319334682616"
DK,2018,total,"14022,938","16271,814","11802,056","18285,214","0,24444657853060947"
NL,2002,bioenergy,"1596,876","189,293","300,543","1485,524","-0,07488939929614062"
NL,2002,biofuels,"0,0","18,128","0,0","18,128","1,0"
NL,2002,biogas,"132,846","0,0","0,0","132,846","0,0"
NL,2002,ren_mun_waste,"609,296","0,0","0,0","609,296","0,0"
NL,2002,renewables,"1709,813","129,335","278,399","1560,749","-0,09550799007399652"
NL,2002,solid_biomass,"854,734","97,592","266,934","685,392","-0,24707320774097163"
NL,2002,total,"61265,177","135817,546","102365,683","81081,64","0,4125701330165497"
NL,2003,bioenergy,"1577,912","135,184","297,156","1415,935","-0,11439225670669911"
NL,2003,biofuels,"0,0","0,86","0,0","0,86","1,0"
NL,2003,biogas,"128,786","0,0","0,0","128,786","0,0"
NL,2003,ren_mun_waste,"598,524","0,0","0,0","598,524","0,0"
NL,2003,renewables,"1723,521","84,026","281,265","1526,282","-0,12922841257382317"
NL,2003,solid_biomass,"850,602","66,686","266,934","650,353","-0,30790662916908207"
NL,2003,total,"59027,696","136510,599","98836,089","83918,798","0,4489400575065432"
NL,2004,bioenergy,"1682,602","346,847","382,368","1647,089","-0,021565926309992975"
NL,2004,biofuels,"17,846","83,754","6,753","94,846","0,8118528983826414"
NL,2004,biogas,"126,23","0,0","0,0","126,23","0,0"
NL,2004,ren_mun_waste,"622,576","0,0","0,0","622,576","0,0"
NL,2004,renewables,"1883,126","282,45","356,83","1808,746","-0,04112241298667695"
NL,2004,solid_biomass,"915,95","179,349","332,88","762,42","-0,2013732588337137"
NL,2004,total,"68224,879","142381,403","110409,233","84866,033","0,3767369449211795"
NL,2005,bioenergy,"1753,516","729,967","358,488","2125,023","0,17481175497865198"
NL,2005,biofuels,"67,623","274,459","3,859","338,222","0,8000662286900321"
NL,2005,biogas,"121,692","0,0","0,0","121,692","0,0"
NL,2005,ren_mun_waste,"636,739","0,0","0,0","636,739","0,0"
NL,2005,renewables,"1975,92","617,202","322,647","2270,476","0,12973270803126744"
NL,2005,solid_biomass,"927,463","300,468","278,662","949,269","0,022971360067588893"
NL,2005,total,"62447,638","152904,449","115377,214","83701,918","0,44834378825106475"
NL,2006,bioenergy,"1880,418","702,391","362,004","2219,985","0,15332851348094692"
NL,2006,biofuels,"129,63","306,31","0,0","435,176","0,7038761328749747"
NL,2006,biogas,"140,418","0,0","0,0","140,418","0,0"
NL,2006,ren_mun_waste,"635,712","0,0","0,0","635,712","0,0"
NL,2006,renewables,"2168,017","566,986","310,762","2423,477","0,10572578159396602"
NL,2006,solid_biomass,"974,658","223,416","275,652","922,423","-0,05662911701030871"
NL,2006,total,"61473,429","160348,12","121900,439","83051,422","0,46293826251403614"
NL,2007,bioenergy,"1927,586","744,875","383,83","2220,372","0,16260563545207743"
NL,2007,biofuels,"120,358","338,069","0,0","389,15","0,8687369908775537"
NL,2007,biogas,"170,846","0,0","0,0","170,846","0,0"
NL,2007,ren_mun_waste,"665,066","0,0","0,0","665,066","0,0"
NL,2007,renewables,"2284,475","652,606","332,235","2535,568","0,1263507821521647"
NL,2007,solid_biomass,"971,315","271,544","291,392","951,467","-0,02086041870080624"
NL,2007,total,"60216,286","156303,469","118964,19","82746,819","0,45124730414108133"
NL,2008,bioenergy,"2145,182","962,582","471,184","2535,967","0,19377144891869647"
NL,2008,biofuels,"121,48899999999999","480,68399999999997","92,096","410,57899999999995","0,9464390531420263"
NL,2008,biogas,"221,124","0,0","0,0","221,124","0,0"
NL,2008,ren_mun_waste,"729,65","0,0","0,0","729,65","0,0"
NL,2008,renewables,"2586,334","838,475","386,068","2939,244","0,1539195112756886"
NL,2008,solid_biomass,"1072,92","327,697","266,027","1134,59","0,054354436404339915"
NL,2008,total,"67742,971","160734,422","127666,368","82152,172","0,4025219686218398"
NL,2009,bioenergy,"2458,497","800,178","419,109","2829,281","0,1346875761014901"
NL,2009,biofuels,"289,824","196,798","54,791","420,892","0,33739534132271465"
NL,2009,biogas,"261,274","0,0","0,0","261,274","0,0"
NL,2009,ren_mun_waste,"774,84","0,0","0,0","774,84","0,0"
NL,2009,renewables,"2942,509","708,788","328,389","3311,968","0,11485588025005074"
NL,2009,solid_biomass,"1132,559","479,029","242,787","1368,802","0,17259033812048785"
NL,2009,total,"62907,952","165431,59","133012,699","80545,345","0,4024924221256983"
NL,2010,bioenergy,"2674,422","805,201","684,665","2856,354","0,04219925121326001"
NL,2010,biofuels,"363,18199999999996","129,39","300,017","254,293","-0,6709858313048335"
NL,2010,biogas,"286,233","0,0","0,0","286,233","0,0"
NL,2010,ren_mun_waste,"817,044","0,0","0,0","817,044","0,0"
NL,2010,renewables,"3127,876","711,052","586,012","3314,653","0,0377234057380969"
NL,2010,solid_biomass,"1207,963","553,0","259,482","1501,481","0,19548565716116287"
NL,2010,total,"71123,433","174961,161","146678,649","86153,712","0,32827966832119765"
NL,2011,bioenergy,"2726,23","892,115","607,782","2967,362","0,09582012575479498"
NL,2011,biofuels,"437,345","149,129","219,678","324,73","-0,2172543343700921"
NL,2011,biogas,"285,851","0,0","0,0","285,851","0,0"
NL,2011,ren_mun_waste,"876,254","46,049","29,975","892,328","0,018013555553563262"
NL,2011,renewables,"3289,254","757,303","489,598","3514,892","0,07616307983289387"
NL,2011,solid_biomass,"1126,779","531,313","211,283","1446,809","0,22119713106567623"
NL,2011,total,"66393,158","171379,19","143349,967","80558,696","0,347935410970406"
NL,2012,bioenergy,"3409,215","997,482","1259,955","3091,909","-0,08489027329070808"
NL,2012,biofuels,"1040,15","130,91199999999998","781,2180000000001","334,79","-1,9424295827234983"
NL,2012,biogas,"290,556","0,0","0,0","290,556","0,0"
NL,2012,ren_mun_waste,"854,089","131,509","35,134","950,463","0,10139795026213538"
NL,2012,renewables,"3991,387","760,748","1076,431","3620,65","-0,08718959302887602"
NL,2012,solid_biomass,"1224,42","452,47","216,37","1460,519","0,16165486378472313"
NL,2012,total,"66089,169","181126,487","152195,64","80606,543","0,35891437497821954"
NL,2013,bioenergy,"3766,289","791,632","1612,936","2848,979","-0,288280117192861"
NL,2013,biofuels,"1482,11","0,0","1066,184","319,528","-3,3367467013845418"
NL,2013,biogas,"305,173","0,0","0,0","305,173","0,0"
NL,2013,ren_mun_waste,"798,82","207,533","34,513","971,84","0,17803342113928217"
NL,2013,renewables,"4449,884","559,735","1395,768","3517,454","-0,23768128879581651"
NL,2013,solid_biomass,"1180,185","309,926","254,944","1235,168","0,04451378274048551"
NL,2013,total,"69751,936","178973,46","157077,052","79104,25","0,2768044447675061"
NL,2014,bioenergy,"3879,98","720,473","1924,496","2743,74","-0,4388254718012641"
NL,2014,biofuels,"1520,015","119,303","1336,199","374,89199999999994","-3,245990845363466"
NL,2014,biogas,"312,745","0,0","0,0","312,745","0,0"
NL,2014,ren_mun_waste,"794,186","201,419","33,892","961,713","0,1741964598586065"
NL,2014,renewables,"4632,609","491,951","1676,101","3520,232","-0,3363840792311416"
NL,2014,solid_biomass,"1253,033","137,551","278,781","1111,804","-0,12702778547297905"
NL,2014,total,"60261,089","177752,956","150539,221","74995,782","0,362870207820488"
NL,2015,bioenergy,"3847,879","701,268","1818,696","2741,899","-0,40753798735839647"
NL,2015,biofuels,"1439,596","147,034","1278,113","320,98400000000004","-3,5237862323355684"
NL,2015,biogas,"327,052","0,0","0,0","327,052","0,0"
NL,2015,ren_mun_waste,"790,46","217,827","34,513","973,775","0,18825087930990217"
NL,2015,renewables,"4820,99","487,389","1606,503","3714,344","-0,301295195060016"
NL,2015,solid_biomass,"1290,771","89,567","267,364","1112,974","-0,15974946404857615"
NL,2015,total,"47917,818","199943,73","157225,158","76180,523","0,560754512016149"
NL,2016,bioenergy,"3699,729","695,243","1652,341","2734,386","-0,35002300333603226"
NL,2016,biofuels,"1291,995","139,417","1160,6650000000002","256,67999999999995","-3,9786816269284726"
NL,2016,biogas,"318,597","0,0","0,0","318,597","0,0"
NL,2016,ren_mun_waste,"793,565","250,215","33,892","1009,888","0,21420494153807154"
NL,2016,renewables,"4798,953","496,158","1440,02","3841,023","-0,24573193131100748"
NL,2016,solid_biomass,"1295,572","100,076","245,463","1150,185","-0,1264031438420776"
NL,2016,total,"46093,153","203056,59","161883,461","77739,37","0,5296303404568365"
NL,2017,bioenergy,"4153,375","681,468","1915,52","2823,177","-0,4371146407044263"
NL,2017,biofuels,"1704,715","146,888","1426,2369999999999","331,793","-3,855864951942928"
NL,2017,biogas,"320,823","0,0","0,0","320,823","0,0"
NL,2017,ren_mun_waste,"764,266","241,798","40,761","965,303","0,20826310495253822"
NL,2017,renewables,"5538,896","469,464","1711,243","4203,545","-0,29541232459745287"
NL,2017,solid_biomass,"1363,571","74,329","244,244","1193,656","-0,1423483817783348"
NL,2017,total,"41790,29","203262,677","156322,136","78995,081","0,5942210629545401"
NL,2018,bioenergy,"4088,579","764,887","1579,32","3099,027","-0,26280280875255363"
NL,2018,biofuels,"1677,6799999999998","174,714","1074,91","608,274","-1,479918589319945"
NL,2018,biogas,"326,151","0,0","0,0","326,151","0,0"
NL,2018,ren_mun_waste,"746,565","216,729","39,992","923,302","0,19141840914457026"
NL,2018,renewables,"5653,556","511,829","1371,375","4624,8","-0,1858558207922505"
NL,2018,solid_biomass,"1338,182","113,938","256,473","1195,648","-0,1192115070656247"
NL,2018,total,"36587,629","205906,25","152733,966","77895,969","0,6826063618259889"
PL,2002,bioenergy,"3933,099","1,138","2,939","3932,875","-0,00045793471696913837"
PL,2002,biofuels,"0,0","0,0","0,0","0,0",
PL,2002,biogas,"32,316","0,0","0,0","32,316","0,0"
PL,2002,ren_mun_waste,"0,239","0,0","0,0","0,239","0,0"
PL,2002,renewables,"4140,609","0,0","0,0","4142,185","0,0"
PL,2002,solid_biomass,"3900,545","0,0","0,0","3902,121","0,0"
PL,2002,total,"79275,993","31468,116","21277,141","88822,763","0,11473382110394384"
PL,2003,bioenergy,"3988,249","1,286","3,908","3983,702","-0,0006581817615875885"
PL,2003,biofuels,"28,16","0,0","0,0","28,217","0,0"
PL,2003,biogas,"38,789","0,0","0,0","38,789","0,0"
PL,2003,ren_mun_waste,"0,334","0,0","0,0","0,334","0,0"
PL,2003,renewables,"4150,043","0,0","0,0","4148,118","0,0"
PL,2003,solid_biomass,"3920,966","0,0","0,0","3918,983","0,0"
PL,2003,total,"78828,967","32023,705","19856,302","91141,591","0,1335000065996215"
PL,2004,bioenergy,"4121,788","2,917","8,02","4116,752","-0,0012395694469815037"
PL,2004,biofuels,"13,399","0,0","0,0","13,467","0,0"
PL,2004,biogas,"46,36","0,0","0,0","46,36","0,0"
PL,2004,ren_mun_waste,"0,31","0,0","0,0","0,31","0,0"
PL,2004,renewables,"4320,713","0,0","0,0","4320,78","0,0"
PL,2004,solid_biomass,"4061,718","0,0","0,0","4061,718","0,0"
PL,2004,total,"78120,011","33843,736","20333,623","91483,528","0,14767809348148442"
PL,2005,bioenergy,"4336,99","4,149","78,542","4264,832","-0,017443360019808517"
PL,2005,biofuels,"116,487","0,0","65,113","53,609","-1,2145908336286817"
PL,2005,biogas,"53,573","0,0","0,0","53,573","0,0"
PL,2005,ren_mun_waste,"0,717","0,0","0,0","0,717","0,0"
PL,2005,renewables,"4549,392","0,0","65,114","4486,514","-0,014513272442702731"
PL,2005,solid_biomass,"4166,213","0,0","0,0","4166,213","0,0"
PL,2005,total,"77926,132","36110,746","19622,063","92581,55","0,17809901648870644"
PL,2006,bioenergy,"4555,086","6,797","87,641","4472,635","-0,01807525094267697"
PL,2006,biofuels,"166,364","1,713","70,89699999999999","97,247","-0,7114255452610363"
PL,2006,biogas,"62,41","0,0","0,0","62,41","0,0"
PL,2006,ren_mun_waste,"0,645","0,0","0,0","0,717","0,0"
PL,2006,renewables,"4765,733","1,713","70,897","4694,944","-0,014735852014422325"
PL,2006,solid_biomass,"4325,666","0,0","0,0","4323,923","0,0"
PL,2006,total,"76872,971","39956,821","20244,391","97538,677","0,2020985993074317"
PL,2007,bioenergy,"4592,222","26,79","37,022","4558,42","-0,00224463739629082"
PL,2007,biofuels,"110,03999999999999","16,07","18,915999999999997","105,694","-0,026926788654038986"
PL,2007,biogas,"64,679","0,0","0,0","64,679","0,0"
PL,2007,ren_mun_waste,"0,836","0,0","0,0","0,836","0,0"
PL,2007,renewables,"4850,161","16,07","18,916","4823,745","-0,0005899980202104381"
PL,2007,solid_biomass,"4416,667","0,0","0,0","4394,597","0,0"
PL,2007,total,"71735,676","42071,468","16949,79","97161,978","0,2585546169099192"
PL,2008,bioenergy,"5131,302","175,08","19,701","5287,095","0,029388350313357337"
PL,2008,biofuels,"296,201","156,97500000000002","0,255","441,39300000000003","0,3550577376623554"
PL,2008,biogas,"96,159","0,0","0,0","96,159","0,0"
PL,2008,ren_mun_waste,"0,215","0,0","0,0","0,215","0,0"
PL,2008,renewables,"5402,278","156,975","0,255","5559,413","0,02819002653697432"
PL,2008,solid_biomass,"4738,726","0,0","0,0","4750,669","0,0"
PL,2008,total,"70684,197","44638,397","14221,273","98284,331","0,3094809079994653"
PL,2009,bioenergy,"5704,706","248,201","36,075","5919,038","0,035837918256311246"
PL,2009,biofuels,"415,823","226,269","7,652","636,6449999999999","0,3433891729299689"
PL,2009,biogas,"98,022","0,0","0,0","98,022","0,0"
PL,2009,ren_mun_waste,"0,693","0,0","0,0","0,693","0,0"
PL,2009,renewables,"6044,46","226,27","7,652","6265,283","0,03489355548663963"
PL,2009,solid_biomass,"5190,169","0,0","0,0","5190,169","0,0"
PL,2009,total,"66881,42","43035,822","12756,277","94241,678","0,321296751528554"
PL,2010,bioenergy,"6429,496","461,723","39,269","6846,698","0,06170185978700973"
PL,2010,biofuels,"445,785","440,01599999999996","12,903","867,6450000000001","0,49226699859965756"
PL,2010,biogas,"114,574","0,0","0,0","114,574","0,0"
PL,2010,ren_mun_waste,"2,938","0,0","0,0","2,938","0,0"
PL,2010,renewables,"6872,05","440,016","12,903","7293,909","0,058557489543672674"
PL,2010,solid_biomass,"5866,199","0,0","0,0","5866,199","0,0"
PL,2010,total,"66814,149","47382,393","15239,456","101583,438","0,3164190702031565"
PL,2011,bioenergy,"6940,343","558,258","82,412","7414,613","0,06417678171470312"
PL,2011,biofuels,"420,8539999999999","531,1469999999999","34,34","916,083","0,5423165804845194"
PL,2011,biogas,"136,906","0,0","0,0","136,906","0,0"
PL,2011,ren_mun_waste,"31,958","0,0","0,0","31,958","0,0"
PL,2011,renewables,"7470,948","531,147","34,34","7966,178","0,0623645366699062"
PL,2011,solid_biomass,"6350,626","0,0","0,0","6350,626","0,0"
PL,2011,total,"67779,496","49918,333","15274,26","101638,648","0,340855311259158"
PL,2012,bioenergy,"7853,452","246,818","113,415","7980,39","0,01671635095527913"
PL,2012,biofuels,"665,266","194,315","45,702000000000005","807,4140000000001","0,18406046959800051"
PL,2012,biogas,"167,98","0,0","0,0","167,98","0,0"
PL,2012,ren_mun_waste,"32,483","0,0","0,0","32,483","0,0"
PL,2012,renewables,"8501,977","194,315","45,702","8644,125","0,017192370540685148"
PL,2012,solid_biomass,"6987,723","0,0","0,0","6987,723","0,0"
PL,2012,total,"71065,135","47358,426","16383,09","97758,728","0,31685494107492884"
PL,2013,bioenergy,"7751,551","211,082","199,538","7778,7","0,0014840526051910965"
PL,2013,biofuels,"700,1750000000001","175,917","143,995","747,7030000000001","0,042693422388301226"
PL,2013,biogas,"181,356","0,0","0,0","181,356","0,0"
PL,2013,ren_mun_waste,"33,223","0,0","0,0","33,223","0,0"
PL,2013,renewables,"8558,856","175,918","143,994","8606,385","0,0037093390546669718"
PL,2013,solid_biomass,"6836,797","0,0","0,0","6836,797","0,0"
PL,2013,total,"70689,737","45938,355","20041,642","98448,549","0,26304819383371514"
PL,2014,bioenergy,"7168,977","1034,364","484,689","7716,865","0,0712303506670131"
PL,2014,biofuels,"745,1690000000001","171,201","209,124","705,4590000000001","-0,05375649045515048"
PL,2014,biogas,"207,438","0,0","0,0","207,438","0,0"
PL,2014,ren_mun_waste,"36,878","0,0","0,0","36,878","0,0"
PL,2014,renewables,"8116,796","961,447","423,464","8652,992","0,062173061063733784"
PL,2014,solid_biomass,"6179,493","790,246","214,34","6755,398","0,08525123168168625"
PL,2014,total,"67018,582","47483,126","19547,706","94758,054","0,2948078693131456"
PL,2015,bioenergy,"7674,456","957,111","815,84","7805,648","0,018098561451912763"
PL,2015,biofuels,"808,759","229,085","372,817","654,947","-0,21945592544129525"
PL,2015,biogas,"228,838","0,0","0,0","228,838","0,0"
PL,2015,ren_mun_waste,"39,959","0,0","0,0","39,959","0,0"
PL,2015,renewables,"8886,212","882,161","739,159","9019,135","0,015855400767368483"
PL,2015,solid_biomass,"6596,9","653,076","366,342","6883,634","0,04165445170385294"
PL,2015,total,"67675,522","49708,001","21035,259","95784,434","0,2993465723251024"
PL,2016,bioenergy,"7658,754","889,96","1131,039","7409,692","-0,03253563036088409"
PL,2016,biofuels,"921,795","251,875","706,475","459,21","-0,9899610200126305"
PL,2016,biogas,"261,059","0,0","0,0","261,059","0,0"
PL,2016,ren_mun_waste,"61,049","0,0","0,0","61,049","0,0"
PL,2016,renewables,"9063,165","832,39","1081,679","8805,893","-0,028309337849097203"
PL,2016,solid_biomass,"6414,851","580,515","375,203","6620,163","0,03101313366453364"
PL,2016,total,"66497,277","51885,417","20890,276","100478,139","0,30847646372112847"
PL,2017,bioenergy,"7501,939","803,49","974,569","7328,225","-0,0233452166111166"
PL,2017,biofuels,"917,677","364,013","672,279","606,7760000000001","-0,508039210515907"
PL,2017,biogas,"280,576","0,0","0,0","280,576","0,0"
PL,2017,ren_mun_waste,"92,452","0,0","0,0","92,452","0,0"
PL,2017,renewables,"9151,797","760,043","938,609","8970,596","-0,01990570080293439"
PL,2017,solid_biomass,"6211,235","396,03","266,33","6340,936","0,02045439348386421"
PL,2017,total,"64088,726","57917,722","17546,503","105148,984","0,38394302507002825"
PL,2018,bioenergy,"7439,253","944,351","699,054","7667,102","0,03199344419834248"
PL,2018,biofuels,"905,7040000000001","374,682","348,598","914,341","0,028527649968665962"
PL,2018,biogas,"288,337","0,0","0,0","288,337","0,0"
PL,2018,ren_mun_waste,"98,327","0,0","0,0","98,327","0,0"
PL,2018,renewables,"8875,23","898,572","672,144","9084,209","0,02492545030613012"
PL,2018,solid_biomass,"6146,885","523,889","323,546","6347,228","0,03156385748235293"
PL,2018,total,"61419,89","64184,914","16221,756","106783,996","0,44916054649237885"
SK,2002,bioenergy,"281,879","2,706","4,478","281,516","-0,006294491254493527"
SK,2002,biofuels,"2,859","0,0","0,0","2,859","0,0"
SK,2002,biogas,"3,248","0,0","0,0","3,248","0,0"
SK,2002,ren_mun_waste,"2,078","0,0","0,0","2,078","0,0"
SK,2002,renewables,"744,089","0,0","0,096","745,402","-0,00012878956589866943"
SK,2002,solid_biomass,"273,694","0,0","0,096","275,007","-0,00034908202336667797"
SK,2002,total,"6690,008","16383,851","4363,171","18643,663","0,6447595625387564"
SK,2003,bioenergy,"343,908","2,356","7,82","338,133","-0,016159321923621774"
SK,2003,biofuels,"1,929","0,0","0,0","1,929","0,0"
SK,2003,biogas,"3,75","0,0","0,0","3,75","0,0"
SK,2003,ren_mun_waste,"12,826","0,0","0,0","12,826","0,0"
SK,2003,renewables,"651,212","0,0","4,849","646,053","-0,007505576167899538"
SK,2003,solid_biomass,"325,404","0,0","4,849","320,245","-0,015141532264360099"
SK,2003,total,"6469,448","16480,776","4441,783","18544,997","0,6491774034797635"
SK,2004,bioenergy,"383,675","0,492","16,342","368,374","-0,04302692372425849"
SK,2004,biofuels,"11,028","0,0","10,109","0,919","-11,0"
SK,2004,biogas,"5,899","0,0","0,0","5,899","0,0"
SK,2004,ren_mun_waste,"14,379","0,0","0,0","14,379","0,0"
SK,2004,renewables,"744,824","0,0","15,745","729,628","-0,02157948982221077"
SK,2004,solid_biomass,"352,369","0,0","5,637","347,282","-0,016231765539244762"
SK,2004,total,"6338,096","17427,802","4978,248","18259,703","0,681804846442464"
SK,2005,bioenergy,"453,555","7,898","47,653","400,858","-0,09917477011809667"
SK,2005,biofuels,"33,401","5,726","24,812","10,497","-1,8182337810803089"
SK,2005,biogas,"4,896","0,0","0,0","4,896","0,0"
SK,2005,ren_mun_waste,"17,436","0,0","0,0","17,436","0,0"
SK,2005,renewables,"860,964","7,197","46,666","808,553","-0,04881436343690518"
SK,2005,solid_biomass,"397,822","0,0","21,854","366,843","-0,059573168903318305"
SK,2005,total,"6441,645","17463,152","5123,632","18698,938","0,6599048566287561"
SK,2006,bioenergy,"475,207","29,39","56,572","444,006","-0,061219893424863635"
SK,2006,biofuels,"42,37","20,012","16,751","44,646","0,07304125789544415"
SK,2006,biogas,"7,595","0,0","0,0","7,595","0,0"
SK,2006,ren_mun_waste,"21,018","0,0","0,0","21,018","0,0"
SK,2006,renewables,"863,499","20,012","44,648","834,843","-0,029509740154735686"
SK,2006,solid_biomass,"404,223","0,0","27,897","373,292","-0,0747323810850487"
SK,2006,total,"6487,311","17323,293","5393,55","18540,666","0,6434365949961022"
SK,2007,bioenergy,"567,553","66,08","86,992","551,327","-0,037930302706016585"
SK,2007,biofuels,"56,782000000000004","46,268","42,296","61,068999999999996","0,06504118292423328"
SK,2007,biogas,"7,5","0,0","0,0","7,5","0,0"
SK,2007,ren_mun_waste,"19,227","0,0","0,0","19,227","0,0"
SK,2007,renewables,"961,468","46,316","69,739","942,73","-0,02484592619307755"
SK,2007,solid_biomass,"484,045","0,048","27,443","461,02","-0,05942258470348359"
SK,2007,total,"5794,387","17699,599","5317,119","17756,179","0,6973617465784727"
SK,2008,bioenergy,"676,236","61,099","144,385","582,754","-0,14291793792921198"
SK,2008,biofuels,"138,737","46,608999999999995","106,381","74,14399999999999","-0,8061609840310748"
SK,2008,biogas,"10,151","0,0","0,0","10,151","0,0"
SK,2008,ren_mun_waste,"24,888","0,0","0,0","24,721","0,0"
SK,2008,renewables,"1032,852","46,633","130,72","938,569","-0,08959064277639682"
SK,2008,solid_biomass,"502,46","0,024","24,338","472,939","-0,051410435595288184"
SK,2008,total,"6260,501","16934,116","4909,615","18262,551","0,6584239518345494"
SK,2009,bioenergy,"838,297","63,702","148,042","748,778","-0,11263685631789395"
SK,2009,biofuels,"150,20499999999998","47,419","111,053","84,711","-0,7511893378663929"
SK,2009,biogas,"16,218","0,0","0,0","16,218","0,0"
SK,2009,ren_mun_waste,"24,744","0,0","0,0","25,127","0,0"
SK,2009,renewables,"1222,906","47,8","134,46","1131,067","-0,07661791918604292"
SK,2009,solid_biomass,"647,129","0,382","23,407","620,402","-0,037113033162368914"
SK,2009,total,"5810,081","16037,799","4739,935","16690,193","0,6769163184631839"
SK,2010,bioenergy,"937,426","54,56","132,698","860,423","-0,09081347197831764"
SK,2010,biofuels,"161,00900000000001","39,434","97,848","97,68700000000001","-0,5979710708692046"
SK,2010,biogas,"14,331","0,0","0,0","14,331","0,0"
SK,2010,ren_mun_waste,"21,687","0,0","0,0","21,52","0,0"
SK,2010,renewables,"1403,835","39,553","119,821","1324,701","-0,06059329614758349"
SK,2010,solid_biomass,"740,398","0,119","21,974","724,754","-0,030155059509847478"
SK,2010,total,"6008,576","15743,586","4328,825","17711,549","0,6444812365084499"
SK,2011,bioenergy,"1015,939","65,252","144,014","923,158","-0,08531800623511902"
SK,2011,biofuels,"168,681","37,539","106,72300000000001","97,65899999999999","-0,7084242107742248"
SK,2011,biogas,"45,811","0,0","0,0","45,811","0,0"
SK,2011,ren_mun_waste,"17,77","0,0","0,0","17,579","0,0"
SK,2011,renewables,"1386,859","37,586","118,141","1292,287","-0,06233522429615094"
SK,2011,solid_biomass,"783,677","0,048","11,417","760,318","-0,014952953895606838"
SK,2011,total,"6169,612","16402,337","5064,872","17195,361","0,6593327700418735"
SK,2012,bioenergy,"1032,521","68,279","143,144","958,82","-0,07808034876201998"
SK,2012,biofuels,"151,204","30,088","93,57300000000001","90,936","-0,6981283540072138"
SK,2012,biogas,"61,957","0,0","0,0","61,957","0,0"
SK,2012,ren_mun_waste,"18,558","0,0","0,0","18,511","0,0"
SK,2012,renewables,"1433,491","30,159","106,136","1358,677","-0,055919839667558965"
SK,2012,solid_biomass,"800,803","0,072","12,563","786,305","-0,015885693210649813"
SK,2012,total,"6235,571","14994,893","4795,217","16551,127","0,6162526575984825"
SK,2013,bioenergy,"986,623","74,517","130,907","929,454","-0,06067002777975028"
SK,2013,biofuels,"147,60500000000002","44,024","91,144","99,061","-0,47566650851495546"
SK,2013,biogas,"54,935","0,0","0,0","54,935","0,0"
SK,2013,ren_mun_waste,"15,477","0,0","0,0","15,597","0,0"
SK,2013,renewables,"1466,684","45,326","101,963","1409,267","-0,04018897767420935"
SK,2013,solid_biomass,"768,606","0,669","10,82","758,981","-0,013374511351404054"
SK,2013,total,"6412,523","15447,94","5255,787","16756,534","0,6082494745034982"
SK,2014,bioenergy,"1014,237","127,303","148,424","998,532","-0,021152051211178018"
SK,2014,biofuels,"147,036","68,983","83,79599999999999","133,86499999999998","-0,11065625817054488"
SK,2014,biogas,"96,135","0,0","0,0","96,135","0,0"
SK,2014,ren_mun_waste,"11,584","0,0","0,0","11,584","0,0"
SK,2014,renewables,"1440,845","69,15","95,451","1419,96","-0,01852235274233076"
SK,2014,solid_biomass,"759,482","0,167","11,656","751,767","-0,015282660718015022"
SK,2014,total,"6319,176","14665,456","4874,363","15757,701","0,6213528864394623"
SK,2015,bioenergy,"1202,56","180,708","183,212","1199,774","-0,002087059729582397"
SK,2015,biofuels,"149,202","100,215","104,60400000000001","143,91","-0,030498228059203738"
SK,2015,biogas,"148,634","0,0","0,0","148,634","0,0"
SK,2015,ren_mun_waste,"14,928","0,0","0,0","14,928","0,0"
SK,2015,renewables,"1591,588","100,454","115,974","1575,786","-0,009849053107465106"
SK,2015,solid_biomass,"889,797","0,239","11,369","879,287","-0,012657983115865466"
SK,2015,total,"6394,156","15474,982","5699,516","16264,851","0,6010178636127684"
SK,2016,bioenergy,"1168,326","175,758","189,234","1156,772","-0,011649659569906603"
SK,2016,biofuels,"162,426","101,856","119,96900000000001","144,75500000000002","-0,12512866567648792"
SK,2016,biogas,"151,834","0,0","0,0","151,834","0,0"
SK,2016,ren_mun_waste,"19,466","0,0","0,0","19,466","0,0"
SK,2016,renewables,"1603,331","102,238","130,669","1576,822","-0,018030570349728766"
SK,2016,solid_biomass,"834,599","0,382","10,7","825,762","-0,012495125714188834"
SK,2016,total,"6234,113","15158,657","5261,345","16345,342","0,6055126897926025"
SK,2017,bioenergy,"1184,226","201,851","203,293","1177,298","-0,0012248385710329987"
SK,2017,biofuels,"162,03699999999998","110,493","120,613","149,464","-0,06770861210726332"
SK,2017,biogas,"152,479","0,0","0,0","152,479","0,0"
SK,2017,ren_mun_waste,"28,518","0,0","0,0","28,518","0,0"
SK,2017,renewables,"1615,143","119,245","137,021","1591,88","-0,011166670854587018"
SK,2017,solid_biomass,"841,191","5,302","16,409","827,052","-0,013429627157663604"
SK,2017,total,"6369,815","16430,824","5246,445","17247,812","0,6484520471350221"
SK,2018,bioenergy,"1237,804","178,179","184,386","1225,162","-0,005066268787311387"
SK,2018,biofuels,"166,437","107,19999999999999","127,08300000000001","149,912","-0,132631143604248"
SK,2018,biogas,"148,753","0,0","0,0","148,753","0,0"
SK,2018,ren_mun_waste,"15,023","0,0","0,0","15,023","0,0"
SK,2018,renewables,"1613,427","113,184","138,882","1581,295","-0,016251237118943655"
SK,2018,solid_biomass,"907,591","3,224","11,799","889,223","-0,00964325034327722"
SK,2018,total,"5999,917","15357,451","4502,986","17045,596","0,6367899954920907"
