country,year,fuel,primary_production,imports,exports,gross_inland_consumption
AT,2002,total,"9831,767","24645,177","3538,177","31002,109"
AT,2003,total,"9483,763","27068,006","3881,256","32638,25"
AT,2004,total,"9842,878","28084,148","4434,439","33249,096"
AT,2005,total,"9888,261","29620,112","4932,991","34376,159"
AT,2006,total,"10326,256","30536,606","5451,498","34687,504"
AT,2007,total,"10951,233","29542,684","6172,202","34097,356"
AT,2008,total,"11179,433","29499,266","5848,93","34382,113"
AT,2009,total,"11698,143","27826,117","6556,963","32624,629"
AT,2010,total,"12116,003","30085,035","8201,067","34831,67"
AT,2011,total,"11441,763","30755,93","7076,991","33818,808"
AT,2012,total,"12828,792","31407,63","9888,389","33690,89"
AT,2013,total,"12435,152","28596,077","7682,975","34156,56"
AT,2014,total,"12336,006","28194,896","6605,294","32914,695"
AT,2015,total,"12222,377","30127,937","9787,024","33679,48"
AT,2016,total,"12536,803","31823,774","10696,149","34043,842"
AT,2017,total,"12635,476","32074,401","9813,114","34797,752"
AT,2018,total,"11994,155","31698,634","9852,006","33987,053"
CZ,2002,total,"31718,506","19453,904","8202,695","42937,716"
CZ,2003,total,"33750,786","19807,786","8629,695","44840,301"
CZ,2004,total,"33490,239","19729,415","8077,439","45985,513"
CZ,2005,total,"33233,058","21000,088","8320,583","45534,937"
CZ,2006,total,"33879,009","21846,704","9042,151","46566,173"
CZ,2007,total,"33992,245","20695,703","9084,046","46467,853"
CZ,2008,total,"33174,47","21175,435","8524,532","45611,76"
CZ,2009,total,"31583,465","20254,519","8744,438","42842,864"
CZ,2010,total,"31994,859","20638,339","9099,343","45598,608"
CZ,2011,total,"32549,172","21373,145","8797,505","43787,11"
CZ,2012,total,"32596,073","19654,304","8665,169","43470,359"
CZ,2013,total,"30592,08","20341,395","8359,007","43724,432"
CZ,2014,total,"29691,416","21085,341","8386,401","42204,844"
CZ,2015,total,"28868,43","21922,814","8428,739","42367,216"
CZ,2016,total,"27338,907","21607,884","7943,739","41965,914"
CZ,2017,total,"27363,712","23888,855","7737,268","43464,68"
CZ,2018,total,"27345,869","22992,557","6989,463","43551,717"
DK,2002,total,"28633,943","13254,848","21992,42","19786,953"
DK,2003,total,"28520,666","14953,908","21836,725","20897,919"
DK,2004,total,"31143,611","14425,149","24362,913","20344,102"
DK,2005,total,"31343,001","13914,858","24336,635","19826,991"
DK,2006,total,"29600,687","14628,113","22523,744","21236,368"
DK,2007,total,"27142,838","14282,43","19577,094","20784,565"
DK,2008,total,"26705,355","15803,574","20252,335","20285,714"
DK,2009,total,"24029,655","14463,974","18405,934","19282,664"
DK,2010,total,"23408,513","14184,963","17554,729","20417,973"
DK,2011,total,"20673,073","15946,45","17112,852","18961,292"
DK,2012,total,"18892,713","15864,518","16386,642","18250,23"
DK,2013,total,"16803,884","18781,743","16453,838","18286,811"
DK,2014,total,"16241,769","17635,834","15427,948","17348,892"
DK,2015,total,"16233,648","18815,601","16453,71","17342,581"
DK,2016,total,"15333,295","18398,098","15744,227","17955,938"
DK,2017,total,"15745,403","16269,387","13962,324","18192,431"
DK,2018,total,"14022,938","16271,814","11802,056","18285,214"
NL,2002,total,"61265,177","135817,546","102365,683","81081,64"
NL,2003,total,"59027,696","136510,599","98836,089","83918,798"
NL,2004,total,"68224,879","142381,403","110409,233","84866,033"
NL,2005,total,"62447,638","152904,449","115377,214","83701,918"
NL,2006,total,"61473,429","160348,12","121900,439","83051,422"
NL,2007,total,"60216,286","156303,469","118964,19","82746,819"
NL,2008,total,"67742,971","160734,422","127666,368","82152,172"
NL,2009,total,"62907,952","165431,59","133012,699","80545,345"
NL,2010,total,"71123,433","174961,161","146678,649","86153,712"
NL,2011,total,"66393,158","171379,19","143349,967","80558,696"
NL,2012,total,"66089,169","181126,487","152195,64","80606,543"
NL,2013,total,"69751,936","178973,46","157077,052","79104,25"
NL,2014,total,"60261,089","177752,956","150539,221","74995,782"
NL,2015,total,"47917,818","199943,73","157225,158","76180,523"
NL,2016,total,"46093,153","203056,59","161883,461","77739,37"
NL,2017,total,"41790,29","203262,677","156322,136","78995,081"
NL,2018,total,"36587,629","205906,25","152733,966","77895,969"
PL,2002,total,"79275,993","31468,116","21277,141","88822,763"
PL,2003,total,"78828,967","32023,705","19856,302","91141,591"
PL,2004,total,"78120,011","33843,736","20333,623","91483,528"
PL,2005,total,"77926,132","36110,746","19622,063","92581,55"
PL,2006,total,"76872,971","39956,821","20244,391","97538,677"
PL,2007,total,"71735,676","42071,468","16949,79","97161,978"
PL,2008,total,"70684,197","44638,397","14221,273","98284,331"
PL,2009,total,"66881,42","43035,822","12756,277","94241,678"
PL,2010,total,"66814,149","47382,393","15239,456","101583,438"
PL,2011,total,"67779,496","49918,333","15274,26","101638,648"
PL,2012,total,"71065,135","47358,426","16383,09","97758,728"
PL,2013,total,"70689,737","45938,355","20041,642","98448,549"
PL,2014,total,"67018,582","47483,126","19547,706","94758,054"
PL,2015,total,"67675,522","49708,001","21035,259","95784,434"
PL,2016,total,"66497,277","51885,417","20890,276","100478,139"
PL,2017,total,"64088,726","57917,722","17546,503","105148,984"
PL,2018,total,"61419,89","64184,914","16221,756","106783,996"
SK,2002,total,"6690,008","16383,851","4363,171","18643,663"
SK,2003,total,"6469,448","16480,776","4441,783","18544,997"
SK,2004,total,"6338,096","17427,802","4978,248","18259,703"
SK,2005,total,"6441,645","17463,152","5123,632","18698,938"
SK,2006,total,"6487,311","17323,293","5393,55","18540,666"
SK,2007,total,"5794,387","17699,599","5317,119","17756,179"
SK,2008,total,"6260,501","16934,116","4909,615","18262,551"
SK,2009,total,"5810,081","16037,799","4739,935","16690,193"
SK,2010,total,"6008,576","15743,586","4328,825","17711,549"
SK,2011,total,"6169,612","16402,337","5064,872","17195,361"
SK,2012,total,"6235,571","14994,893","4795,217","16551,127"
SK,2013,total,"6412,523","15447,94","5255,787","16756,534"
SK,2014,total,"6319,176","14665,456","4874,363","15757,701"
SK,2015,total,"6394,156","15474,982","5699,516","16264,851"
SK,2016,total,"6234,113","15158,657","5261,345","16345,342"
SK,2017,total,"6369,815","16430,824","5246,445","17247,812"
SK,2018,total,"5999,917","15357,451","4502,986","17045,596"
AT,2002,renewables,"6490,482","164,493","172,781","6482,194"
AT,2003,renewables,"6117,463","170,56","270,923","6017,1"
AT,2004,renewables,"6586,195","267,292","435,416","6418,072"
AT,2005,renewables,"7211,267","317,068","351,26","7173,405"
AT,2006,renewables,"7395,537","633,283","318,841","7700,337"
AT,2007,renewables,"8022,729","701,961","411,997","8295,26"
AT,2008,renewables,"8429,194","697,559","447,152","8660,692"
AT,2009,renewables,"8716,919","836,027","374,734","9142,502"
AT,2010,renewables,"9046,618","847,271","449,113","9478,543"
AT,2011,renewables,"8546,949","963,844","410,368","9057,289"
AT,2012,renewables,"9758,888","944,267","453,182","10255,129"
AT,2013,renewables,"9721,236","967,842","413,099","10273,294"
AT,2014,renewables,"9618,328","954,824","483,918","10090,322"
AT,2015,renewables,"9630,936","945,411","543,066","10044,484"
AT,2016,renewables,"10050,133","858,769","587,495","10321,931"
AT,2017,renewables,"10177,386","840,68","626,267","10384,342"
AT,2018,renewables,"9783,786","926,116","757,784","9965,693"
CZ,2002,renewables,"1988,066","0,035","27,661","1960,317"
CZ,2003,renewables,"1967,82","25,801","153,542","1840,025"
CZ,2004,renewables,"2163,514","14,7","153,8","2024,549"
CZ,2005,renewables,"2287,482","39,386","226,111","2100,607"
CZ,2006,renewables,"2459,245","37,284","262,426","2231,411"
CZ,2007,renewables,"2569,57","29,893","246,677","2344,397"
CZ,2008,renewables,"2755,261","100,503","299,096","2549,036"
CZ,2009,renewables,"3048,075","107,006","275,758","2881,336"
CZ,2010,renewables,"3298,956","121,903","241,105","3177,654"
CZ,2011,renewables,"3537,912","193,086","229,164","3498,155"
CZ,2012,renewables,"3797,388","208,842","240,599","3757,995"
CZ,2013,renewables,"4199,846","234,256","310,949","4132,257"
CZ,2014,renewables,"4291,903","274,964","290,439","4270,461"
CZ,2015,renewables,"4387,205","365,918","371,951","4386,771"
CZ,2016,renewables,"4404,442","431,213","397,694","4435,843"
CZ,2017,renewables,"4468,831","449,811","374,426","4542,13"
CZ,2018,renewables,"4570,73","431,137","428,974","4569,797"
DK,2002,renewables,"2033,201","176,842","35,922","2174,12"
DK,2003,renewables,"2291,249","240,948","40,413","2491,784"
DK,2004,renewables,"2468,543","336,558","58,374","2746,727"
DK,2005,renewables,"2535,578","451,849","62,864","2924,563"
DK,2006,renewables,"2570,208","474,711","62,864","2982,055"
DK,2007,renewables,"2868,874","498,55","62,864","3304,56"
DK,2008,renewables,"2827,023","613,311","87,776","3352,558"
DK,2009,renewables,"2831,445","658,345","74,341","3415,45"
DK,2010,renewables,"3170,476","943,167","68,071","4045,572"
DK,2011,renewables,"3133,412","1086,687","49,766","4141,848"
DK,2012,renewables,"3100,901","1261,184","40,305","4315,098"
DK,2013,renewables,"3228,784","1281,229","34,036","4475,406"
DK,2014,renewables,"3373,634","1344,934","35,899","4688,019"
DK,2015,renewables,"3817,547","1255,998","25,899","5047,657"
DK,2016,renewables,"3799,299","1446,743","28,742","5228,134"
DK,2017,renewables,"4093,166","1827,765","42,162","5866,997"
DK,2018,renewables,"4139,416","1806,78","50,528","5897,058"
NL,2002,renewables,"1709,813","129,335","278,399","1560,749"
NL,2003,renewables,"1723,521","84,026","281,265","1526,282"
NL,2004,renewables,"1883,126","282,45","356,83","1808,746"
NL,2005,renewables,"1975,92","617,202","322,647","2270,476"
NL,2006,renewables,"2168,017","566,986","310,762","2423,477"
NL,2007,renewables,"2284,475","652,606","332,235","2535,568"
NL,2008,renewables,"2586,334","838,475","386,068","2939,244"
NL,2009,renewables,"2942,509","708,788","328,389","3311,968"
NL,2010,renewables,"3127,876","711,052","586,012","3314,653"
NL,2011,renewables,"3289,254","757,303","489,598","3514,892"
NL,2012,renewables,"3991,387","760,748","1076,431","3620,65"
NL,2013,renewables,"4449,884","559,735","1395,768","3517,454"
NL,2014,renewables,"4632,609","491,951","1676,101","3520,232"
NL,2015,renewables,"4820,99","487,389","1606,503","3714,344"
NL,2016,renewables,"4798,953","496,158","1440,02","3841,023"
NL,2017,renewables,"5538,896","469,464","1711,243","4203,545"
NL,2018,renewables,"5653,556","511,829","1371,375","4624,8"
PL,2002,renewables,"4140,609","0,0","0,0","4142,185"
PL,2003,renewables,"4150,043","0,0","0,0","4148,118"
PL,2004,renewables,"4320,713","0,0","0,0","4320,78"
PL,2005,renewables,"4549,392","0,0","65,114","4486,514"
PL,2006,renewables,"4765,733","1,713","70,897","4694,944"
PL,2007,renewables,"4850,161","16,07","18,916","4823,745"
PL,2008,renewables,"5402,278","156,975","0,255","5559,413"
PL,2009,renewables,"6044,46","226,27","7,652","6265,283"
PL,2010,renewables,"6872,05","440,016","12,903","7293,909"
PL,2011,renewables,"7470,948","531,147","34,34","7966,178"
PL,2012,renewables,"8501,977","194,315","45,702","8644,125"
PL,2013,renewables,"8558,856","175,918","143,994","8606,385"
PL,2014,renewables,"8116,796","961,447","423,464","8652,992"
PL,2015,renewables,"8886,212","882,161","739,159","9019,135"
PL,2016,renewables,"9063,165","832,39","1081,679","8805,893"
PL,2017,renewables,"9151,797","760,043","938,609","8970,596"
PL,2018,renewables,"8875,23","898,572","672,144","9084,209"
SK,2002,renewables,"744,089","0,0","0,096","745,402"
SK,2003,renewables,"651,212","0,0","4,849","646,053"
SK,2004,renewables,"744,824","0,0","15,745","729,628"
SK,2005,renewables,"860,964","7,197","46,666","808,553"
SK,2006,renewables,"863,499","20,012","44,648","834,843"
SK,2007,renewables,"961,468","46,316","69,739","942,73"
SK,2008,renewables,"1032,852","46,633","130,72","938,569"
SK,2009,renewables,"1222,906","47,8","134,46","1131,067"
SK,2010,renewables,"1403,835","39,553","119,821","1324,701"
SK,2011,renewables,"1386,859","37,586","118,141","1292,287"
SK,2012,renewables,"1433,491","30,159","106,136","1358,677"
SK,2013,renewables,"1466,684","45,326","101,963","1409,267"
SK,2014,renewables,"1440,845","69,15","95,451","1419,96"
SK,2015,renewables,"1591,588","100,454","115,974","1575,786"
SK,2016,renewables,"1603,331","102,238","130,669","1576,822"
SK,2017,renewables,"1615,143","119,245","137,021","1591,88"
SK,2018,renewables,"1613,427","113,184","138,882","1581,295"
AT,2002,bioenergy,"2920,414","196,6","203,428","2913,585"
AT,2003,bioenergy,"3119,826","215,285","302,435","3032,676"
AT,2004,bioenergy,"3230,67","309,927","470,152","3070,446"
AT,2005,bioenergy,"3709,887","380,836","406,809","3680,243"
AT,2006,bioenergy,"3956,139","723,706","381,847","4288,355"
AT,2007,bioenergy,"4420,78","818,808","496,571","4725,584"
AT,2008,bioenergy,"4689,474","803,461","527,045","4946,982"
AT,2009,bioenergy,"4733,079","940,063","474,616","5162,816"
AT,2010,bioenergy,"5208,727","955,138","543,778","5653,853"
AT,2011,bioenergy,"5050,833","1112,661","510,332","5610,026"
AT,2012,bioenergy,"5346,413","1074,123","567,503","5858,188"
AT,2013,bioenergy,"5358,562","1115,308","517,609","5953,576"
AT,2014,bioenergy,"5248,91","1114,475","588,135","5776,336"
AT,2015,bioenergy,"5466,732","1125,312","661,377","5941,87"
AT,2016,bioenergy,"5574,163","1017,459","703,095","5889,05"
AT,2017,bioenergy,"5684,233","1014,896","761,645","5930,028"
AT,2018,bioenergy,"5351,289","1099,642","876,013","5588,492"
CZ,2002,bioenergy,"1768,482","5,427","39,64","1734,145"
CZ,2003,bioenergy,"1839,054","30,913","167,033","1702,88"
CZ,2004,bioenergy,"1976,382","21,81","172,518","1825,81"
CZ,2005,bioenergy,"2065,183","48,796","245,231","1868,598"
CZ,2006,bioenergy,"2214,291","48,014","285,051","1974,563"
CZ,2007,bioenergy,"2350,687","41,783","277,463","2106,619"
CZ,2008,bioenergy,"2523,651","113,195","328,945","2300,268"
CZ,2009,bioenergy,"2761,8","123,617","318,821","2568,609"
CZ,2010,bioenergy,"2920,743","136,305","287,949","2766,999"
CZ,2011,bioenergy,"3078,187","220,916","302,396","2993,028"
CZ,2012,bioenergy,"3310,29","247,316","335,959","3214,012"
CZ,2013,bioenergy,"3651,258","276,799","421,456","3515,704"
CZ,2014,bioenergy,"3793,272","330,185","421,684","3695,806"
CZ,2015,bioenergy,"3863,265","445,299","512,911","3801,252"
CZ,2016,bioenergy,"3862,122","499,161","519,648","3839,516"
CZ,2017,bioenergy,"3902,009","523,944","512,655","3911,212"
CZ,2018,bioenergy,"3981,878","485,892","549,453","3915,22"
DK,2002,bioenergy,"1518,918","214,376","81,215","1652,078"
DK,2003,bioenergy,"1718,057","274,427","112,726","1879,758"
DK,2004,bioenergy,"1805,287","391,153","129,77","2066,67"
DK,2005,bioenergy,"1861,378","550,298","149,983","2261,693"
DK,2006,bioenergy,"1926,022","514,871","142,113","2298,78"
DK,2007,bioenergy,"2125,142","570,411","140,097","2555,456"
DK,2008,bioenergy,"2094,692","708,912","171,513","2632,092"
DK,2009,bioenergy,"2106,777","747,441","159,635","2694,583"
DK,2010,bioenergy,"2341,659","1052,314","187,317","3206,656"
DK,2011,bioenergy,"2123,993","1212,953","160,538","3147,922"
DK,2012,bioenergy,"2024,307","1460,981","173,614","3304,993"
DK,2013,bioenergy,"2030,494","1405,134","144,814","3290,243"
DK,2014,bioenergy,"1987,347","1494,099","154,366","3332,374"
DK,2015,bioenergy,"2315,688","1457,781","163,772","3610,414"
DK,2016,bioenergy,"2367,992","1670,339","213,316","3838,589"
DK,2017,bioenergy,"2476,085","2116,942","315,266","4263,411"
DK,2018,bioenergy,"2540,753","2095,429","309,689","4327,892"
NL,2002,bioenergy,"1596,876","189,293","300,543","1485,524"
NL,2003,bioenergy,"1577,912","135,184","297,156","1415,935"
NL,2004,bioenergy,"1682,602","346,847","382,368","1647,089"
NL,2005,bioenergy,"1753,516","729,967","358,488","2125,023"
NL,2006,bioenergy,"1880,418","702,391","362,004","2219,985"
NL,2007,bioenergy,"1927,586","744,875","383,83","2220,372"
NL,2008,bioenergy,"2145,182","962,582","471,184","2535,967"
NL,2009,bioenergy,"2458,497","800,178","419,109","2829,281"
NL,2010,bioenergy,"2674,422","805,201","684,665","2856,354"
NL,2011,bioenergy,"2726,23","892,115","607,782","2967,362"
NL,2012,bioenergy,"3409,215","997,482","1259,955","3091,909"
NL,2013,bioenergy,"3766,289","791,632","1612,936","2848,979"
NL,2014,bioenergy,"3879,98","720,473","1924,496","2743,74"
NL,2015,bioenergy,"3847,879","701,268","1818,696","2741,899"
NL,2016,bioenergy,"3699,729","695,243","1652,341","2734,386"
NL,2017,bioenergy,"4153,375","681,468","1915,52","2823,177"
NL,2018,bioenergy,"4088,579","764,887","1579,32","3099,027"
PL,2002,bioenergy,"3933,099","1,138","2,939","3932,875"
PL,2003,bioenergy,"3988,249","1,286","3,908","3983,702"
PL,2004,bioenergy,"4121,788","2,917","8,02","4116,752"
PL,2005,bioenergy,"4336,99","4,149","78,542","4264,832"
PL,2006,bioenergy,"4555,086","6,797","87,641","4472,635"
PL,2007,bioenergy,"4592,222","26,79","37,022","4558,42"
PL,2008,bioenergy,"5131,302","175,08","19,701","5287,095"
PL,2009,bioenergy,"5704,706","248,201","36,075","5919,038"
PL,2010,bioenergy,"6429,496","461,723","39,269","6846,698"
PL,2011,bioenergy,"6940,343","558,258","82,412","7414,613"
PL,2012,bioenergy,"7853,452","246,818","113,415","7980,39"
PL,2013,bioenergy,"7751,551","211,082","199,538","7778,7"
PL,2014,bioenergy,"7168,977","1034,364","484,689","7716,865"
PL,2015,bioenergy,"7674,456","957,111","815,84","7805,648"
PL,2016,bioenergy,"7658,754","889,96","1131,039","7409,692"
PL,2017,bioenergy,"7501,939","803,49","974,569","7328,225"
PL,2018,bioenergy,"7439,253","944,351","699,054","7667,102"
SK,2002,bioenergy,"281,879","2,706","4,478","281,516"
SK,2003,bioenergy,"343,908","2,356","7,82","338,133"
SK,2004,bioenergy,"383,675","0,492","16,342","368,374"
SK,2005,bioenergy,"453,555","7,898","47,653","400,858"
SK,2006,bioenergy,"475,207","29,39","56,572","444,006"
SK,2007,bioenergy,"567,553","66,08","86,992","551,327"
SK,2008,bioenergy,"676,236","61,099","144,385","582,754"
SK,2009,bioenergy,"838,297","63,702","148,042","748,778"
SK,2010,bioenergy,"937,426","54,56","132,698","860,423"
SK,2011,bioenergy,"1015,939","65,252","144,014","923,158"
SK,2012,bioenergy,"1032,521","68,279","143,144","958,82"
SK,2013,bioenergy,"986,623","74,517","130,907","929,454"
SK,2014,bioenergy,"1014,237","127,303","148,424","998,532"
SK,2015,bioenergy,"1202,56","180,708","183,212","1199,774"
SK,2016,bioenergy,"1168,326","175,758","189,234","1156,772"
SK,2017,bioenergy,"1184,226","201,851","203,293","1177,298"
SK,2018,bioenergy,"1237,804","178,179","184,386","1225,162"
AT,2002,solid_biomass,"2831,064","157,089","172,781","2815,372"
AT,2003,solid_biomass,"3018,845","161,675","270,923","2909,597"
AT,2004,solid_biomass,"3099,503","257,667","435,416","2921,754"
AT,2005,solid_biomass,"3453,157","259,414","350,571","3362,0"
AT,2006,solid_biomass,"3588,315","392,933","312,924","3668,324"
AT,2007,solid_biomass,"3914,848","437,932","328,279","4024,501"
AT,2008,solid_biomass,"4146,476","363,775","330,257","4178,611"
AT,2009,solid_biomass,"4124,514","456,837","255,774","4294,751"
AT,2010,solid_biomass,"4601,746","494,393","332,612","4791,321"
AT,2011,solid_biomass,"4484,219","577,443","313,744","4710,176"
AT,2012,solid_biomass,"4753,579","483,386","291,327","4961,591"
AT,2013,solid_biomass,"4777,751","483,458","224,338","5027,438"
AT,2014,solid_biomass,"4384,087","450,579","227,959","4606,614"
AT,2015,solid_biomass,"4541,125","406,545","249,769","4705,421"
AT,2016,solid_biomass,"4664,609","361,565","269,917","4762,116"
AT,2017,solid_biomass,"4833,283","347,784","300,031","4873,183"
AT,2018,solid_biomass,"4601,483","358,65","353,095","4607,931"
CZ,2002,solid_biomass,"1584,265","0,0","0,0","1584,265"
CZ,2003,solid_biomass,"1639,82","25,748","115,1","1550,468"
CZ,2004,solid_biomass,"1791,081","11,942","107,481","1695,543"
CZ,2005,solid_biomass,"1841,239","32,483","109,869","1763,853"
CZ,2006,solid_biomass,"1998,782","16,982","164,398","1851,366"
CZ,2007,solid_biomass,"2126,397","22,523","188,354","1960,567"
CZ,2008,solid_biomass,"2269,585","21,878","229,029","2062,434"
CZ,2009,solid_biomass,"2383,897","37,833","204,643","2217,087"
CZ,2010,solid_biomass,"2445,424","53,287","169,915","2328,795"
CZ,2011,solid_biomass,"2527,706","72,442","191,554","2408,594"
CZ,2012,solid_biomass,"2633,109","95,753","191,865","2536,997"
CZ,2013,solid_biomass,"2769,299","113,213","232,54","2649,971"
CZ,2014,solid_biomass,"2841,812","117,417","196,188","2763,041"
CZ,2015,solid_biomass,"2954,38","143,594","224,205","2873,77"
CZ,2016,solid_biomass,"2969,571","208,56","272,213","2905,919"
CZ,2017,solid_biomass,"2997,131","245,319","280,737","2961,713"
CZ,2018,solid_biomass,"3070,351","206,854","296,378","2980,827"
DK,2002,solid_biomass,"991,402","140,919","0,0","1132,321"
DK,2003,solid_biomass,"1144,43","200,535","0,0","1344,965"
DK,2004,solid_biomass,"1214,961","278,184","0,0","1493,145"
DK,2005,solid_biomass,"1260,055","388,984","0,0","1649,04"
DK,2006,solid_biomass,"1307,825","408,02","0,0","1715,845"
DK,2007,solid_biomass,"1488,297","429,946","0,0","1918,243"
DK,2008,solid_biomass,"1424,023","519,538","0,0","1943,561"
DK,2009,solid_biomass,"1461,785","574,424","0,0","2036,209"
DK,2010,solid_biomass,"1703,199","847,416","0,0","2550,615"
DK,2011,solid_biomass,"1507,306","884,043","0,0","2391,349"
DK,2012,solid_biomass,"1434,774","987,493","0,0","2422,266"
DK,2013,solid_biomass,"1447,407","1002,548","0,0","2449,955"
DK,2014,solid_biomass,"1372,482","1041,887","0,0","2414,369"
DK,2015,solid_biomass,"1694,828","945,799","0,0","2640,627"
DK,2016,solid_biomass,"1695,14","1139,436","0,0","2834,577"
DK,2017,solid_biomass,"1739,814","1507,79","0,0","3247,604"
DK,2018,solid_biomass,"1773,874","1476,725","0,0","3250,599"
NL,2002,solid_biomass,"854,734","97,592","266,934","685,392"
NL,2003,solid_biomass,"850,602","66,686","266,934","650,353"
NL,2004,solid_biomass,"915,95","179,349","332,88","762,42"
NL,2005,solid_biomass,"927,463","300,468","278,662","949,269"
NL,2006,solid_biomass,"974,658","223,416","275,652","922,423"
NL,2007,solid_biomass,"971,315","271,544","291,392","951,467"
NL,2008,solid_biomass,"1072,92","327,697","266,027","1134,59"
NL,2009,solid_biomass,"1132,559","479,029","242,787","1368,802"
NL,2010,solid_biomass,"1207,963","553,0","259,482","1501,481"
NL,2011,solid_biomass,"1126,779","531,313","211,283","1446,809"
NL,2012,solid_biomass,"1224,42","452,47","216,37","1460,519"
NL,2013,solid_biomass,"1180,185","309,926","254,944","1235,168"
NL,2014,solid_biomass,"1253,033","137,551","278,781","1111,804"
NL,2015,solid_biomass,"1290,771","89,567","267,364","1112,974"
NL,2016,solid_biomass,"1295,572","100,076","245,463","1150,185"
NL,2017,solid_biomass,"1363,571","74,329","244,244","1193,656"
NL,2018,solid_biomass,"1338,182","113,938","256,473","1195,648"
PL,2002,solid_biomass,"3900,545","0,0","0,0","3902,121"
PL,2003,solid_biomass,"3920,966","0,0","0,0","3918,983"
PL,2004,solid_biomass,"4061,718","0,0","0,0","4061,718"
PL,2005,solid_biomass,"4166,213","0,0","0,0","4166,213"
PL,2006,solid_biomass,"4325,666","0,0","0,0","4323,923"
PL,2007,solid_biomass,"4416,667","0,0","0,0","4394,597"
PL,2008,solid_biomass,"4738,726","0,0","0,0","4750,669"
PL,2009,solid_biomass,"5190,169","0,0","0,0","5190,169"
PL,2010,solid_biomass,"5866,199","0,0","0,0","5866,199"
PL,2011,solid_biomass,"6350,626","0,0","0,0","6350,626"
PL,2012,solid_biomass,"6987,723","0,0","0,0","6987,723"
PL,2013,solid_biomass,"6836,797","0,0","0,0","6836,797"
PL,2014,solid_biomass,"6179,493","790,246","214,34","6755,398"
PL,2015,solid_biomass,"6596,9","653,076","366,342","6883,634"
PL,2016,solid_biomass,"6414,851","580,515","375,203","6620,163"
PL,2017,solid_biomass,"6211,235","396,03","266,33","6340,936"
PL,2018,solid_biomass,"6146,885","523,889","323,546","6347,228"
SK,2002,solid_biomass,"273,694","0,0","0,096","275,007"
SK,2003,solid_biomass,"325,404","0,0","4,849","320,245"
SK,2004,solid_biomass,"352,369","0,0","5,637","347,282"
SK,2005,solid_biomass,"397,822","0,0","21,854","366,843"
SK,2006,solid_biomass,"404,223","0,0","27,897","373,292"
SK,2007,solid_biomass,"484,045","0,048","27,443","461,02"
SK,2008,solid_biomass,"502,46","0,024","24,338","472,939"
SK,2009,solid_biomass,"647,129","0,382","23,407","620,402"
SK,2010,solid_biomass,"740,398","0,119","21,974","724,754"
SK,2011,solid_biomass,"783,677","0,048","11,417","760,318"
SK,2012,solid_biomass,"800,803","0,072","12,563","786,305"
SK,2013,solid_biomass,"768,606","0,669","10,82","758,981"
SK,2014,solid_biomass,"759,482","0,167","11,656","751,767"
SK,2015,solid_biomass,"889,797","0,239","11,369","879,287"
SK,2016,solid_biomass,"834,599","0,382","10,7","825,762"
SK,2017,solid_biomass,"841,191","5,302","16,409","827,052"
SK,2018,solid_biomass,"907,591","3,224","11,799","889,223"
AT,2002,biofuels,"20,346999999999998","0,0","0,0","20,346999999999998"
AT,2003,biofuels,"20,657","0,0","0,0","20,657"
AT,2004,biofuels,"33,933","0,0","0,0","33,933"
AT,2005,biofuels,"64,757","49,498","0,256","110,32900000000001"
AT,2006,biofuels,"104,786","231,318","5,645","320,817"
AT,2007,biofuels,"238,553","255,522","83,028","393,61300000000006"
AT,2008,biofuels,"256,947","324,504","116,52799999999999","447,397"
AT,2009,biofuels,"324,50699999999995","369,081","116,146","572,558"
AT,2010,biofuels,"310,30699999999996","344,135","115,74599999999998","544,668"
AT,2011,biofuels,"259,965","378,03","95,65799999999999","536,945"
AT,2012,biofuels,"247,695","450,685","160,125","527,4570000000001"
AT,2013,biofuels,"237,478","474,99","187,454","531,763"
AT,2014,biofuels,"382,85699999999997","495,193","254,63400000000001","624,599"
AT,2015,biofuels,"443,90900000000005","528,495","292,772","683,316"
AT,2016,biofuels,"406,09100000000007","485,844","316,12299999999993","570,477"
AT,2017,biofuels,"359,245","470,936","324,264","506,313"
AT,2018,biofuels,"333,908","556,223","403,29400000000004","499,51699999999994"
CZ,2002,biofuels,"92,261","0,035","27,661","64,512"
CZ,2003,biofuels,"100,303","0,053","38,442","61,861"
CZ,2004,biofuels,"75,241","2,757","46,32","31,814"
CZ,2005,biofuels,"112,14","6,903","116,242","2,651"
CZ,2006,biofuels,"98,499","20,302","98,029","18,081"
CZ,2007,biofuels,"89,389","7,369","58,32300000000001","30,047"
CZ,2008,biofuels,"106,602","78,625","70,066","107,528"
CZ,2009,biofuels,"194,708","69,173","71,115","194,778"
CZ,2010,biofuels,"235,92399999999998","68,617","71,19","231,25099999999998"
CZ,2011,biofuels,"220,754","120,644","37,61","300,11"
CZ,2012,biofuels,"218,54999999999998","113,088","48,734","275,26800000000003"
CZ,2013,biofuels,"227,95100000000002","121,044","78,40899999999999","279,68800000000005"
CZ,2014,biofuels,"260,956","157,548","94,251","318,28600000000006"
CZ,2015,biofuels,"215,682","222,323","147,74599999999998","295,859"
CZ,2016,biofuels,"206,05899999999997","222,65399999999997","125,482","301,113"
CZ,2017,biofuels,"205,126","204,492","93,689","313,843"
CZ,2018,biofuels,"220,117","224,283","132,594","308,708"
DK,2002,biofuels,"2,222","35,922","35,922","2,222"
DK,2003,biofuels,"7,395","40,413","40,413","7,395"
DK,2004,biofuels,"11,411","58,374","58,374","11,411"
DK,2005,biofuels,"13,38","62,864","62,864","13,38"
DK,2006,biofuels,"19,816","66,69","62,864","23,642"
DK,2007,biofuels,"21,148","68,603","62,864","26,887"
DK,2008,biofuels,"31,565","93,774","87,776","37,563"
DK,2009,biofuels,"28,532","83,921","74,341","38,112"
DK,2010,biofuels,"34,286","95,751","68,071","61,966"
DK,2011,biofuels,"13,787","202,644","49,766999999999996","138,18"
DK,2012,biofuels,"16,538","251,025","40,305","220,576"
DK,2013,biofuels,"14,589","245,529","34,036","225,512"
DK,2014,biofuels,"18,724","257,762","35,899","245,93699999999998"
DK,2015,biofuels,"13,43","246,10399999999998","25,899","233,645"
DK,2016,biofuels,"6,547","238,56400000000002","28,742","227,203"
DK,2017,biofuels,"4,497","266,86","42,162","217,423"
DK,2018,biofuels,"5,592","266,00100000000003","50,528","222,45400000000004"
NL,2002,biofuels,"0,0","18,128","0,0","18,128"
NL,2003,biofuels,"0,0","0,86","0,0","0,86"
NL,2004,biofuels,"17,846","83,754","6,753","94,846"
NL,2005,biofuels,"67,623","274,459","3,859","338,222"
NL,2006,biofuels,"129,63","306,31","0,0","435,176"
NL,2007,biofuels,"120,358","338,069","0,0","389,15"
NL,2008,biofuels,"121,48899999999999","480,68399999999997","92,096","410,57899999999995"
NL,2009,biofuels,"289,824","196,798","54,791","420,892"
NL,2010,biofuels,"363,18199999999996","129,39","300,017","254,293"
NL,2011,biofuels,"437,345","149,129","219,678","324,73"
NL,2012,biofuels,"1040,15","130,91199999999998","781,2180000000001","334,79"
NL,2013,biofuels,"1482,11","0,0","1066,184","319,528"
NL,2014,biofuels,"1520,015","119,303","1336,199","374,89199999999994"
NL,2015,biofuels,"1439,596","147,034","1278,113","320,98400000000004"
NL,2016,biofuels,"1291,995","139,417","1160,6650000000002","256,67999999999995"
NL,2017,biofuels,"1704,715","146,888","1426,2369999999999","331,793"
NL,2018,biofuels,"1677,6799999999998","174,714","1074,91","608,274"
PL,2002,biofuels,"0,0","0,0","0,0","0,0"
PL,2003,biofuels,"28,16","0,0","0,0","28,217"
PL,2004,biofuels,"13,399","0,0","0,0","13,467"
PL,2005,biofuels,"116,487","0,0","65,113","53,609"
PL,2006,biofuels,"166,364","1,713","70,89699999999999","97,247"
PL,2007,biofuels,"110,03999999999999","16,07","18,915999999999997","105,694"
PL,2008,biofuels,"296,201","156,97500000000002","0,255","441,39300000000003"
PL,2009,biofuels,"415,823","226,269","7,652","636,6449999999999"
PL,2010,biofuels,"445,785","440,01599999999996","12,903","867,6450000000001"
PL,2011,biofuels,"420,8539999999999","531,1469999999999","34,34","916,083"
PL,2012,biofuels,"665,266","194,315","45,702000000000005","807,4140000000001"
PL,2013,biofuels,"700,1750000000001","175,917","143,995","747,7030000000001"
PL,2014,biofuels,"745,1690000000001","171,201","209,124","705,4590000000001"
PL,2015,biofuels,"808,759","229,085","372,817","654,947"
PL,2016,biofuels,"921,795","251,875","706,475","459,21"
PL,2017,biofuels,"917,677","364,013","672,279","606,7760000000001"
PL,2018,biofuels,"905,7040000000001","374,682","348,598","914,341"
SK,2002,biofuels,"2,859","0,0","0,0","2,859"
SK,2003,biofuels,"1,929","0,0","0,0","1,929"
SK,2004,biofuels,"11,028","0,0","10,109","0,919"
SK,2005,biofuels,"33,401","5,726","24,812","10,497"
SK,2006,biofuels,"42,37","20,012","16,751","44,646"
SK,2007,biofuels,"56,782000000000004","46,268","42,296","61,068999999999996"
SK,2008,biofuels,"138,737","46,608999999999995","106,381","74,14399999999999"
SK,2009,biofuels,"150,20499999999998","47,419","111,053","84,711"
SK,2010,biofuels,"161,00900000000001","39,434","97,848","97,68700000000001"
SK,2011,biofuels,"168,681","37,539","106,72300000000001","97,65899999999999"
SK,2012,biofuels,"151,204","30,088","93,57300000000001","90,936"
SK,2013,biofuels,"147,60500000000002","44,024","91,144","99,061"
SK,2014,biofuels,"147,036","68,983","83,79599999999999","133,86499999999998"
SK,2015,biofuels,"149,202","100,215","104,60400000000001","143,91"
SK,2016,biofuels,"162,426","101,856","119,96900000000001","144,75500000000002"
SK,2017,biofuels,"162,03699999999998","110,493","120,613","149,464"
SK,2018,biofuels,"166,437","107,19999999999999","127,08300000000001","149,912"
AT,2002,biogas,"21,95","0,0","0,0","21,95"
AT,2003,biogas,"26,273","0,0","0,0","26,273"
AT,2004,biogas,"28,614","0,0","0,0","28,614"
AT,2005,biogas,"118,497","0,0","0,0","118,497"
AT,2006,biogas,"162,407","0,0","0,0","162,407"
AT,2007,biogas,"167,963","0,0","0,0","167,963"
AT,2008,biogas,"183,099","0,0","0,0","183,099"
AT,2009,biogas,"154,757","0,0","0,0","154,757"
AT,2010,biogas,"159,141","0,0","0,0","159,141"
AT,2011,biogas,"168,215","0,0","0,0","168,215"
AT,2012,biogas,"201,456","0,0","0,0","201,456"
AT,2013,biogas,"191,277","0,0","0,0","191,277"
AT,2014,biogas,"292,102","0,0","0,0","292,102"
AT,2015,biogas,"301,612","0,0","0,0","301,612"
AT,2016,biogas,"305,479","0,0","0,0","305,479"
AT,2017,biogas,"317,015","0,0","0,0","317,015"
AT,2018,biogas,"233,626","0,0","0,0","233,626"
CZ,2002,biogas,"35,946","0,0","0,0","35,946"
CZ,2003,biogas,"41,296","0,0","0,0","41,296"
CZ,2004,biogas,"50,229","0,0","0,0","50,229"
CZ,2005,biogas,"55,771","0,0","0,0","55,771"
CZ,2006,biogas,"63,461","0,0","0,0","63,461"
CZ,2007,biogas,"76,168","0,0","0,0","76,168"
CZ,2008,biogas,"90,045","0,0","0,0","90,045"
CZ,2009,biogas,"129,932","0,0","0,0","129,932"
CZ,2010,biogas,"176,698","0,0","0,0","176,698"
CZ,2011,biogas,"249,833","0,0","0,0","249,833"
CZ,2012,biogas,"374,94","0,0","0,0","374,94"
CZ,2013,biogas,"571,081","0,0","0,0","571,081"
CZ,2014,biogas,"608,03","0,0","0,0","608,03"
CZ,2015,biogas,"613,38","0,0","0,0","613,38"
CZ,2016,biogas,"600,96","0,0","0,0","600,96"
CZ,2017,biogas,"607,714","0,0","0,0","607,714"
CZ,2018,biogas,"603,782","0,0","0,0","603,782"
DK,2002,biogas,"80,3","0,0","0,0","80,3"
DK,2003,biogas,"85,459","0,0","0,0","85,459"
DK,2004,biogas,"89,281","0,0","0,0","89,281"
DK,2005,biogas,"91,478","0,0","0,0","91,478"
DK,2006,biogas,"93,604","0,0","0,0","93,604"
DK,2007,biogas,"93,484","0,0","0,0","93,484"
DK,2008,biogas,"93,819","0,0","0,0","93,819"
DK,2009,biogas,"99,623","0,0","0,0","99,623"
DK,2010,biogas,"103,577","0,0","0,0","103,577"
DK,2011,biogas,"98,099","0,0","0,0","98,099"
DK,2012,biogas,"105,072","0,0","0,0","105,072"
DK,2013,biogas,"109,578","0,0","0,0","109,578"
DK,2014,biogas,"132,828","0,0","0,0","132,828"
DK,2015,biogas,"150,121","0,0","0,0","150,121"
DK,2016,biogas,"216,107","0,0","0,0","216,107"
DK,2017,biogas,"264,002","0,0","0,0","264,002"
DK,2018,biogas,"320,394","0,0","0,0","320,394"
NL,2002,biogas,"132,846","0,0","0,0","132,846"
NL,2003,biogas,"128,786","0,0","0,0","128,786"
NL,2004,biogas,"126,23","0,0","0,0","126,23"
NL,2005,biogas,"121,692","0,0","0,0","121,692"
NL,2006,biogas,"140,418","0,0","0,0","140,418"
NL,2007,biogas,"170,846","0,0","0,0","170,846"
NL,2008,biogas,"221,124","0,0","0,0","221,124"
NL,2009,biogas,"261,274","0,0","0,0","261,274"
NL,2010,biogas,"286,233","0,0","0,0","286,233"
NL,2011,biogas,"285,851","0,0","0,0","285,851"
NL,2012,biogas,"290,556","0,0","0,0","290,556"
NL,2013,biogas,"305,173","0,0","0,0","305,173"
NL,2014,biogas,"312,745","0,0","0,0","312,745"
NL,2015,biogas,"327,052","0,0","0,0","327,052"
NL,2016,biogas,"318,597","0,0","0,0","318,597"
NL,2017,biogas,"320,823","0,0","0,0","320,823"
NL,2018,biogas,"326,151","0,0","0,0","326,151"
PL,2002,biogas,"32,316","0,0","0,0","32,316"
PL,2003,biogas,"38,789","0,0","0,0","38,789"
PL,2004,biogas,"46,36","0,0","0,0","46,36"
PL,2005,biogas,"53,573","0,0","0,0","53,573"
PL,2006,biogas,"62,41","0,0","0,0","62,41"
PL,2007,biogas,"64,679","0,0","0,0","64,679"
PL,2008,biogas,"96,159","0,0","0,0","96,159"
PL,2009,biogas,"98,022","0,0","0,0","98,022"
PL,2010,biogas,"114,574","0,0","0,0","114,574"
PL,2011,biogas,"136,906","0,0","0,0","136,906"
PL,2012,biogas,"167,98","0,0","0,0","167,98"
PL,2013,biogas,"181,356","0,0","0,0","181,356"
PL,2014,biogas,"207,438","0,0","0,0","207,438"
PL,2015,biogas,"228,838","0,0","0,0","228,838"
PL,2016,biogas,"261,059","0,0","0,0","261,059"
PL,2017,biogas,"280,576","0,0","0,0","280,576"
PL,2018,biogas,"288,337","0,0","0,0","288,337"
SK,2002,biogas,"3,248","0,0","0,0","3,248"
SK,2003,biogas,"3,75","0,0","0,0","3,75"
SK,2004,biogas,"5,899","0,0","0,0","5,899"
SK,2005,biogas,"4,896","0,0","0,0","4,896"
SK,2006,biogas,"7,595","0,0","0,0","7,595"
SK,2007,biogas,"7,5","0,0","0,0","7,5"
SK,2008,biogas,"10,151","0,0","0,0","10,151"
SK,2009,biogas,"16,218","0,0","0,0","16,218"
SK,2010,biogas,"14,331","0,0","0,0","14,331"
SK,2011,biogas,"45,811","0,0","0,0","45,811"
SK,2012,biogas,"61,957","0,0","0,0","61,957"
SK,2013,biogas,"54,935","0,0","0,0","54,935"
SK,2014,biogas,"96,135","0,0","0,0","96,135"
SK,2015,biogas,"148,634","0,0","0,0","148,634"
SK,2016,biogas,"151,834","0,0","0,0","151,834"
SK,2017,biogas,"152,479","0,0","0,0","152,479"
SK,2018,biogas,"148,753","0,0","0,0","148,753"
AT,2002,ren_mun_waste,"47,053","0,0","0,0","47,053"
AT,2003,ren_mun_waste,"54,051","0,0","0,0","54,051"
AT,2004,ren_mun_waste,"68,62","0,0","0,0","68,62"
AT,2005,ren_mun_waste,"73,476","0,0","0,0","73,476"
AT,2006,ren_mun_waste,"100,631","0,0","0,0","100,631"
AT,2007,ren_mun_waste,"99,416","0,0","0,0","99,416"
AT,2008,ren_mun_waste,"102,953","0,0","0,0","102,953"
AT,2009,ren_mun_waste,"129,302","0,0","0,0","129,302"
AT,2010,ren_mun_waste,"137,533","0,0","0,0","137,533"
AT,2011,ren_mun_waste,"138,435","0,0","0,0","138,435"
AT,2012,ren_mun_waste,"143,683","0,0","0,0","143,683"
AT,2013,ren_mun_waste,"152,056","0,0","0,0","152,056"
AT,2014,ren_mun_waste,"189,863","0,0","0,0","189,863"
AT,2015,ren_mun_waste,"180,086","0,0","0,0","180,086"
AT,2016,ren_mun_waste,"197,984","0,0","0,0","197,984"
AT,2017,ren_mun_waste,"174,69","11,229","0,0","185,919"
AT,2018,ren_mun_waste,"182,272","0,0","0,0","182,272"
CZ,2002,ren_mun_waste,"56,009","0,0","0,0","56,009"
CZ,2003,ren_mun_waste,"57,634","0,0","0,0","57,634"
CZ,2004,ren_mun_waste,"59,831","0,0","0,0","59,831"
CZ,2005,ren_mun_waste,"56,033","0,0","0,0","56,033"
CZ,2006,ren_mun_waste,"53,549","0,0","0,0","53,549"
CZ,2007,ren_mun_waste,"58,732","0,0","0,0","58,732"
CZ,2008,ren_mun_waste,"57,419","0,0","0,0","57,419"
CZ,2009,ren_mun_waste,"53,263","0,0","0,0","53,263"
CZ,2010,ren_mun_waste,"62,697","0,0","0,0","62,697"
CZ,2011,ren_mun_waste,"79,894","0,0","0,0","79,894"
CZ,2012,ren_mun_waste,"83,692","0,0","0,0","83,692"
CZ,2013,ren_mun_waste,"82,927","0,0","0,0","82,927"
CZ,2014,ren_mun_waste,"82,473","0,0","0,0","82,473"
CZ,2015,ren_mun_waste,"79,822","0,0","0,0","79,822"
CZ,2016,ren_mun_waste,"85,531","0,0","0,0","85,531"
CZ,2017,ren_mun_waste,"92,038","0,0","0,0","92,038"
CZ,2018,ren_mun_waste,"87,628","0,0","0,0","87,628"
DK,2002,ren_mun_waste,"444,994","0,0","0,0","444,994"
DK,2003,ren_mun_waste,"480,773","0,0","0,0","480,773"
DK,2004,ren_mun_waste,"489,634","0,0","0,0","489,634"
DK,2005,ren_mun_waste,"496,465","0,0","0,0","496,465"
DK,2006,ren_mun_waste,"504,777","0,0","0,0","504,777"
DK,2007,ren_mun_waste,"522,213","0,0","0,0","522,213"
DK,2008,ren_mun_waste,"545,285","0,0","0,0","545,285"
DK,2009,ren_mun_waste,"516,839","0,0","0,0","516,839"
DK,2010,ren_mun_waste,"500,597","0,0","0,0","500,597"
DK,2011,ren_mun_waste,"504,801","0,0","0,0","504,801"
DK,2012,ren_mun_waste,"467,923","22,666","0,0","490,589"
DK,2013,ren_mun_waste,"458,919","33,152","0,0","492,07"
DK,2014,ren_mun_waste,"463,313","45,285","0,0","508,598"
DK,2015,ren_mun_waste,"457,31","64,095","0,0","521,405"
DK,2016,ren_mun_waste,"450,197","68,743","0,0","518,94"
DK,2017,ren_mun_waste,"467,772","53,115","0,0","520,888"
DK,2018,ren_mun_waste,"440,893","64,054","0,0","504,947"
NL,2002,ren_mun_waste,"609,296","0,0","0,0","609,296"
NL,2003,ren_mun_waste,"598,524","0,0","0,0","598,524"
NL,2004,ren_mun_waste,"622,576","0,0","0,0","622,576"
NL,2005,ren_mun_waste,"636,739","0,0","0,0","636,739"
NL,2006,ren_mun_waste,"635,712","0,0","0,0","635,712"
NL,2007,ren_mun_waste,"665,066","0,0","0,0","665,066"
NL,2008,ren_mun_waste,"729,65","0,0","0,0","729,65"
NL,2009,ren_mun_waste,"774,84","0,0","0,0","774,84"
NL,2010,ren_mun_waste,"817,044","0,0","0,0","817,044"
NL,2011,ren_mun_waste,"876,254","46,049","29,975","892,328"
NL,2012,ren_mun_waste,"854,089","131,509","35,134","950,463"
NL,2013,ren_mun_waste,"798,82","207,533","34,513","971,84"
NL,2014,ren_mun_waste,"794,186","201,419","33,892","961,713"
NL,2015,ren_mun_waste,"790,46","217,827","34,513","973,775"
NL,2016,ren_mun_waste,"793,565","250,215","33,892","1009,888"
NL,2017,ren_mun_waste,"764,266","241,798","40,761","965,303"
NL,2018,ren_mun_waste,"746,565","216,729","39,992","923,302"
PL,2002,ren_mun_waste,"0,239","0,0","0,0","0,239"
PL,2003,ren_mun_waste,"0,334","0,0","0,0","0,334"
PL,2004,ren_mun_waste,"0,31","0,0","0,0","0,31"
PL,2005,ren_mun_waste,"0,717","0,0","0,0","0,717"
PL,2006,ren_mun_waste,"0,645","0,0","0,0","0,717"
PL,2007,ren_mun_waste,"0,836","0,0","0,0","0,836"
PL,2008,ren_mun_waste,"0,215","0,0","0,0","0,215"
PL,2009,ren_mun_waste,"0,693","0,0","0,0","0,693"
PL,2010,ren_mun_waste,"2,938","0,0","0,0","2,938"
PL,2011,ren_mun_waste,"31,958","0,0","0,0","31,958"
PL,2012,ren_mun_waste,"32,483","0,0","0,0","32,483"
PL,2013,ren_mun_waste,"33,223","0,0","0,0","33,223"
PL,2014,ren_mun_waste,"36,878","0,0","0,0","36,878"
PL,2015,ren_mun_waste,"39,959","0,0","0,0","39,959"
PL,2016,ren_mun_waste,"61,049","0,0","0,0","61,049"
PL,2017,ren_mun_waste,"92,452","0,0","0,0","92,452"
PL,2018,ren_mun_waste,"98,327","0,0","0,0","98,327"
SK,2002,ren_mun_waste,"2,078","0,0","0,0","2,078"
SK,2003,ren_mun_waste,"12,826","0,0","0,0","12,826"
SK,2004,ren_mun_waste,"14,379","0,0","0,0","14,379"
SK,2005,ren_mun_waste,"17,436","0,0","0,0","17,436"
SK,2006,ren_mun_waste,"21,018","0,0","0,0","21,018"
SK,2007,ren_mun_waste,"19,227","0,0","0,0","19,227"
SK,2008,ren_mun_waste,"24,888","0,0","0,0","24,721"
SK,2009,ren_mun_waste,"24,744","0,0","0,0","25,127"
SK,2010,ren_mun_waste,"21,687","0,0","0,0","21,52"
SK,2011,ren_mun_waste,"17,77","0,0","0,0","17,579"
SK,2012,ren_mun_waste,"18,558","0,0","0,0","18,511"
SK,2013,ren_mun_waste,"15,477","0,0","0,0","15,597"
SK,2014,ren_mun_waste,"11,584","0,0","0,0","11,584"
SK,2015,ren_mun_waste,"14,928","0,0","0,0","14,928"
SK,2016,ren_mun_waste,"19,466","0,0","0,0","19,466"
SK,2017,ren_mun_waste,"28,518","0,0","0,0","28,518"
SK,2018,ren_mun_waste,"15,023","0,0","0,0","15,023"
